"일자(stdr_de_id)","시간(tmzon_pd_se)","행정동코드(adstrd_code_se)","집계구코드(oa_cd)","생활인구합계(tot_lvpop_co)","중국(china_staypop_co)","베트남(vietnam_staypop_co)","미국(usa_staypop_co)","우즈베키스탄(uzbekistan_staypop_co)","필리핀(philippines_staypop_co)","캄보디아(cambodia_staypop_co)","인도네시아(indonesia_staypop_co)","네팔(nepal_staypop_co)","태국(thailand_staypop_co)","스리랑카(srilanka_staypop_co)","일본(japan_staypop_co)","미얀마(myanmar_staypop_co)","러시아(rusia_staypop_co)","캐나다(canada_staypop_co)","타이완(taiwan_staypop_co)","몽골(mongolia_staypop_co)","방글라데시(bangladesh_staypop_co)","파키스탄(pakistan_staypop_co)","인도(india_staypop_co)","카자흐스탄(kazakhstan_staypop_co)","오스트레일리아(australia_staypop_co)","영국(uk_staypop_co)","카르기스스탄(kyrgyzstan_staypop_co)","프랑스(france_staypop_co)","뉴질랜드(newzealand_staypop_co)","독일(germany_staypop_co)","이집트(egypt_staypop_co)","말레이시아(malaysia_staypop_co)","우크라이나(ukraine_staypop_co)","나이지리아(nigeria_staypop_co)","기타(etc_staypop_co)","등록일자(ldadng_dt)"
"20170704","05","11410620","1115052020018",14.1394,4.1205,0.6266,1.6531,0,0,0,0,2.5226,0,0,0,0,0,0,3.1807,0.3192,0,0,0,0,0,0,0,0,0,0,0,0,0,0,0.8085,"2021-08-14 01:38:09"
"20200526","16","11320514","1105053010008",40.0292,11.32,0,0,0,0,0,0,0,1.7618,0,0,1.4579,0,0.5017,0.1975,0,0,0,0,0.1196,0.6532,0,0,0,0,0,0,0,0,0,0,"2021-08-14 01:38:09"
"20201011","20","11140625","1117072060401",2.159,52.8773,0,0,0.4096,0,0,0,0.4004,0,0,0.5324,0.4182,0,0,9.2496,1.4478,0,0,0,0,0.3501,0,0,0,0,0,0,0,0,0,0,"2021-08-14 01:38:09"
"20180917","06","11710670","1105054020007",6.9142,0.9851,2.917,1.1359,0,0.171,0,0,0,0,0,0,0,0,0.3823,0,0,0,0.0037,0,0,0.1313,1.3163,0,0,0,0,0,0,0,0,0.0101,"2021-08-14 01:38:09"
"20200329","05","11350600","1114063030005",5.0635,22.9945,0,0,0,0,0,0,0,0,0,0,0.6293,0,0.5582,0,0,0,0,0,0,0,0,0,0,0,0,0,0,1.6543,0,1.0909,"2021-08-14 01:38:09"
"20210428","03","11680730","1125055030103",1.0212,1.902,0,0,0,0,0,0,0,0,0,0,0,0,0.2757,0,0,0,0,0,0,0.0326,0,0,0,0,0,0,0,0,0,0,"2021-08-14 01:38:09"
"20170804","17","11500641","1105054030008",7.7218,3.3649,0.753,0,0,0,0,0,0,0,0,0,0,0.0969,0,0,1.5072,0,0,0,0,0,3.0426,0,0,0,0,0,0,0,0,0.2313,"2021-08-14 01:38:09"
"20171224","12","11230720","1113064010004",0.3931,0.1979,0,0.9739,0,0,0,0,1.3211,0,0,0,0,0.0296,0,0,0.0178,0,0,0,0,0,0,0,0,0,0,0,0,0,0,0,"2021-08-14 01:38:09"
"20210321","03","11230536","1124062010206",10.553,0,0,0,0,0,0,0,0,0,0,0,0,0,0.0122,0,0,0,0,0,0,0,0,0,0,0,0,0,0,0,0,0.0023,"2021-08-14 01:38:09"
"20200313","04","11560605","1108059020103",11.3832,0.566,0,0.0515,0.3164,0.5738,0,0,0,0,0,0.3456,0,0,0,0,0,0,0,0,0,0,0,0,0,0,0,2.3141,0,0,0.5044,0.0343,"2021-08-14 01:38:09"
"20180731","04","11710580","1108076040001",3.1443,1.0495,1.6388,0.0444,3.6368,0.1424,0,0,0,0.8097,0,0,0,0,0,0,0,0,16.0111,0,0,0,0,0,0,3.1824,0,0,0,0,0,0,"2021-08-14 01:38:09"
"20191211","14","11290685","1111074030002",4.2484,3.5429,1.4112,0,0,0,0,0,3.531,0,0,0,0,0,0,0.6419,0,0,0,0,0.0419,0,0,0,0,0,0,0,0,0,0,0,"2021-08-14 01:38:09"
"20170601","17","11350665","1113062020005",13.8129,8.3925,0,5.0814,0,2.8468,0,0,0,0,0,9.5848,0,0,0,0,0,0,0,0,0,0,0,0,0,0,0,0,0,0,0,0.0614,"2021-08-14 01:38:09"
"20180503","23","11380590","1109071020009",2.1273,0,2.6918,0.5972,0,0.0004,0.2057,0,0,0,0,0,0,0.0225,0.0346,5.6493,0,0,0,0,0,0,0.3879,0,0,0,0,0,0,0,0,0.9646,"2021-08-14 01:38:09"
"20171231","19","11500550","1104054010705",11.448,1.9068,0,0,0,0,0,0,0,0,0,0,0,0,0,0,3.1021,0,0,0,0,0,0.4816,0,0,0,0,0,0,1.1101,0,0,"2021-08-14 01:38:09"
"20170205","14","11440660","1106089030001",1.9262,5.3769,0,0,1.2252,0,0,0,0,0,0,0,0.1409,0.8268,0,0,0.0013,0,0,0,0,0,0,0,0.5165,0,0,0,0,0,0,0.0004,"2021-08-14 01:38:09"
"20180405","21","11200570","1105061010020",0.0002,0.0023,0,0.0327,0,0.543,0,0.2959,0,0,0,0,0,0,0,0,0,0,0,0,0,0,1.025,0,0,0,0,0,0,0,0,0.5933,"2021-08-14 01:38:09"
"20190727","16","11440690","1115054020017",7.3019,0.7142,0,5.0691,0,0,0,0,0,0,0,0.0078,0,0,0,0,0,0,0,0,0,0,0,0,0,0,0,0,0,0,0,0,"2021-08-14 01:38:09"
"20171025","03","11650620","1116059010014",0.8227,71.9102,0,0,0,0,0,0,0,0,0,0,0,0,0,1.4382,0,0,0,0,0,1.9407,0.83,0,0,0,0,0,0,0,0,0,"2021-08-14 01:38:09"
"20191021","15","11590650","1124055020003",1.7891,0.8267,0.5206,21.4277,0,0,0,0,0,0,0,0,0,0,0,0,0,0,0.2069,0.1616,0,0,0,0,0,0,0,0,0,0,0,0.4721,"2021-08-14 01:38:09"
"20200127","15","11305610","1124075010129",0.5544,39.1187,1.9182,0.8238,0,0,0,0,0,0,0,0,0.0618,1.1452,0,0.2761,0,0,0.412,0,0,0,0,0,0,0,0,0,0,0,0,0,"2021-08-14 01:38:09"
"20190729","15","11320660","1104073040202",8.6419,8.6929,2.6352,6.0582,0,0,0,0,0,0,0,0,0,0,0,0,0,0,0,0,0,0,0,0,2.2343,0,0,0,0,0,0,1.0036,"2021-08-14 01:38:09"
"20210203","22","11500605","1114059030303",1.0806,8.0129,0.1056,1.6374,0,0,0,0,0,0,4.9489,0,0,0,0,0,1.2173,0,0,0,0,0,0,0,0,0,0,0,0,0,0,0,"2021-08-14 01:38:09"
"20210816","14","11500510","1116063020002",34.2419,4.9497,0,0,0,0,0,0,0,0,0,1.0835,0,0,0,0,0,0,0,0,0,0,0,0,0,0,0,0,0,0,0,0,"2021-08-14 01:38:09"
"20200823","07","11740690","1111053030311",0.0179,0.5388,0.2208,0,0,0,0,0,0,0,0,0,0.3922,0,0,0,0,0,0.6745,0,0,5.644,0,0,0,0,0,0,0,0,0,0,"2021-08-14 01:38:09"
"20170804","09","11560585","1107070010503",3.1621,6.2366,0,1.7678,0,0,0,0,0,0,0,0,0,0,0,0,0,0,0,0,0,0,0,0,0,0,0,0,0,0,0,1.1561,"2021-08-14 01:38:09"
"20200306","02","11215740","1103051020019",2.8833,1.4477,0,1.1411,0,0,0,0,0.3596,0,0,0,0,0,0,0,0,0,0,0,0,0,0,0,0,0,0,0,0,0,0,0.2367,"2021-08-14 01:38:09"
"20191115","05","11620625","1105064030006",6.3837,1.1216,0,0,0,0,0,0,0,0,0,0,0,0,0,0,0,0,0,0,0,0.0012,0,0,0,0,0,0,0,0,0,0,"2021-08-14 01:38:09"
"20200510","19","11470650","1106087010003",3.8659,3.2409,0,2.5421,0,0,0,0,0,0,0,0,0,0,2.0968,4.0729,0,0,0,0,0,0,0,0,0,0,0,0,0,0,0,0,"2021-08-14 01:38:09"
"20190904","01","11440740","1106081100013",0.5913,0,0,0.5642,0,0,0,0,1.5893,0,0,0,0,0,0,0,0,0,0,0,0,0,0,0,0,0,0,0,0,0,0,0.0002,"2021-08-14 01:38:09"
"20200828","09","11545640","1121080010020",0.5793,27.8924,24.4579,0,0,0,0,0,0,0,0,2.2358,0,0,0,0,0,0,0,0,0,0,0,0,0,0,0,0,0,0,0,0,"2021-08-14 01:38:09"
"20180515","05","11500540","1124064010024",35.4741,4.6477,0,0.2286,0,0,1.4484,0,0,0,0,0,0,0,0.0027,0,0,0,0,0,0,0,0,0,0,0,0.0013,0,0,0,0,44.9205,"2021-08-14 01:38:09"
"20211012","00","11620695","1117069010003",5.9922,1.7341,0,12.7869,0,0,0,0,0,0,0,0,0,0,0,0,1.6012,0,0,0,0,0,0,0,0,0,0,0,0,0,0,0,"2021-08-14 01:38:09"
"20180621","18","11710680","1111056050003",57.7738,0.8357,0,0,0,0.2967,0,0,0,0,0,0,0.0033,0.0087,0.8193,0,0,0,1.1454,0,0.305,0,0,0,0,0,0,0,0.0264,0,0,0,"2021-08-14 01:38:09"
"20200208","03","11290685","1124067011403",5.0281,1.4243,0,0,0,0,0.0022,0,0,0,0.0083,0,0,5.0934,0,0,0,0,0,0,0,0,0,0,0,0,0,0,0,0,0,0,"2021-08-14 01:38:09"
"20200604","09","11320522","1109070030011",19.1254,0.9131,0,1.0674,0,0.0246,0,0,0,0,0,2.0536,0,0,0,0,0,0,0,0,0,0,0,0,0,0,0,0,0.9701,0,0,0,"2021-08-14 01:38:09"
"20180914","07","11320514","1115051010008",9.1865,3.8453,3.9861,0.7397,0,2.7501,0,0,0,0,0,0,0,0.311,0,0,0,0.0013,0,0,0,0,1.117,0,0,0,0,0,0,0,0,0.0001,"2021-08-14 01:38:09"
"20200608","01","11530790","1110055050002",35.041,21.778,0,0,0,0,0,0,0,0,0,0,0,0,0,0,0,0,0,0,0,0,0.0999,0,0,0,0,0,0,0,0,0,"2021-08-14 01:38:09"
"20210820","13","11560630","1112059030005",1.0484,0,0.5508,0,0,0,0,0,0,0,0,0,0,0,0,0,0,0,0,0,0,0,0,0,0,0,0,0,0,0,0,0.0469,"2021-08-14 01:38:09"
"20200406","07","11350700","1117061010011",17.526,15.4556,0,0.2174,0.1752,0,0,0,0,0,0,1.5913,0,0,0,0,0,0,0,0,0,0,0,0,0,0,0,0,0,0,0,0,"2021-08-14 01:38:09"
"20210710","17","11290770","1116054010503",72.289,2.03,0,0,0,0,0,0,0,0,0,0,0,0,0,0,0,0,0,0,0,0,0,0,0,0,0,0,0.0353,0,0,0.1962,"2021-08-14 01:38:09"
"20180322","21","11470570","1110055040203",16.6324,24.8547,0,0,0.9831,0,0,0,0,0,0,0,0.3174,0.011,2.6216,0,0,0,0,0,0,0,0,0,3.7008,0.0408,0,0,0,0,0,0,"2021-08-14 01:38:09"
"20180324","13","11680660","1111066040201",11.9414,49.9828,0,0.001,0,0,0,0,0,0,0,0,0,0,0.4259,0,0,0,0,0,0,0,0,0,0,0,0,0,0,0,0,0,"2021-08-14 01:38:09"
"20170922","17","11680610","1122061010501",2.9538,120.0363,1.483,0,0,0,0,0,0.4348,0,0,0,0,0,0,0,0,0,0,0,0,0,0,0,1.1807,3.3911,0,0,0,0,0,0,"2021-08-14 01:38:09"
"20170914","15","11320522","1110065010101",13.0892,40.0553,0,0.2571,0,0,0,0,0,4.5098,0,0,0,0,0,0,0,0,0,0,0,0,0,0,0,0.0797,0,0.0162,0,0,0,0,"2021-08-14 01:38:09"
"20210208","00","11410640","1103063010103",72.3038,1.2808,1.2617,11.7977,0,0,0,0,0,0,0,0.2078,0,0.2105,0.0005,0,0,0,0,0,0,2.2342,0,0,0,0,0,0,0,0,0,0.0001,"2021-08-14 01:38:09"
"20190919","23","11320522","1124075010127",18.7994,2.1174,0.7852,0,0,0.016,0,0,0,0,0,0.652,0,0,0,0,0,0,0,0,0,0,0,0,0,0,0,0,0,0,0,0,"2021-08-14 01:38:09"
"20201012","06","11305630","1113075030011",11.6089,0.1282,0,0.6436,0,0,0,0,0,0,0,0,0,0,0,3.4954,0,0,0,0,0,0,0,0,0,0,0,0,0,0,0,0.7567,"2021-08-14 01:38:09"
"20191113","14","11200570","1123065010401",5.5709,0,0,0.0977,0,0,0.4833,0,0,0,0,0,0.2293,0,0,0,0,0,0,0,0,0,0,0,0,0,0,0,0,0,0,0,"2021-08-14 01:38:09"
"20190921","22","11230536","1123064070007",4.1161,5.672,0,0.0082,0,0,0,0,0,0,0,0,0,0,0,0,1.3149,0,0,0,0,0,0,0,0,0,0,0,0,0,0,0.2385,"2021-08-14 01:38:09"
"20200707","14","11500611","1116058010514",24.4626,3.6267,2.5962,0,0.1288,0,0,0,0,0,0,0.0985,0.682,0,0,0,0,0,0,0,0,0,0,0,0,0,0,0,0,0,0,0.163,"2021-08-14 01:38:09"
"20180722","00","11170530","1121079030005",22.5845,0.1227,0,0,0,0,0,0,0,0,0,0,0,0,0,3.7721,0,0,0,0,0,0,0,0,0,0,0,0,0,0,0,0,"2021-08-14 01:38:09"
"20191122","09","11740540","1116067020308",2.512,0.0546,0.6875,0,0,0,0,0,0,0,0,1.1931,0,0,0.4666,0,0,0,0,0,0,0,0,0,0,0,0,0,0,0,0,0,"2021-08-14 01:38:09"
"20190607","01","11350560","1123078010001",3.2519,0.4824,14.5176,0,0,0,0,0,0,0.9537,0,0,0,0,0,0,0.6646,0,0,0,0,0,0,0,0,0,0,0,0,0,0,0,"2021-08-14 01:38:09"
"20180518","14","11680690","1112057010017",4.7267,1.2427,1.7571,0,0,0,0.5566,0,0,0,0,0.5393,0,0,0,0,0,0,0,0,0,2.0319,0,0,0.0752,0,0,0,0,0,0,0,"2021-08-14 01:38:09"
"20180515","03","11560550","1118053020001",5.2603,10.5907,0.4688,0.4739,0,0,0,0,0,0.2185,0,0.7154,0,0,0,0,0,0,0,0.0216,0,0,0.2316,0,0,0,0,0,0,0,0,0,"2021-08-14 01:38:09"
"20200114","21","11590550","1121083030005",2.5645,34.6434,0,0,0,0,0,0,0,1.5337,0,0.0711,0,0,0,0,0,0,0,0,0,0,0,0,0,0,0,0,0,0,0,0.0319,"2021-08-14 01:38:09"
"20200826","07","11680660","1104073030202",0.9212,10.3048,1.684,0.0265,0,0,0,0,0,0,0,0,0,0,0,0,0,0,0,0,0,0,0.2208,0,0,0,0,0,0,0,0,2.1256,"2021-08-14 01:38:09"
"20200317","21","11470510","1122060040008",12.3241,2.3279,4.2413,0.9989,0,0,0,0,0,0,0,0,0,0,0,0,0.4615,0,0.8806,0,0,0,0,0,0,0,2.2411,0,0,0,0,0,"2021-08-14 01:38:09"
"20201127","19","11500604","1113068030001",0.3139,1.3887,0,0,0,0,0,0,0,0,0,0.0104,0,0,0,0,0,0,0,0,0,0.7775,0,0,0,0,0,0,0,0,0,0.2674,"2021-08-14 01:38:09"
"20210824","15","11500630","1120069010502",0.7926,0.9273,2.5315,0,0,0,0,0,0,0,0,0,0,0.2746,0,0,0,0,0,0.3819,0,0,0,0,0,0,0,0,0,0,0,0,"2021-08-14 01:38:09"
"20180526","20","11350630","1102070010004",10.2397,0,0.8676,0,0,1.7222,0,0,0,0.39,0,1.0335,0,0,0,0,0,0,0,0,0,0,0,0,0,0,0,0,0,0,0,0,"2021-08-14 01:38:09"
"20170915","05","11590670","1116052020011",1.2327,49.186,1.4198,0.0598,0,0,0,0,0,0,0,0.2275,0,0,0,0,0,0,0,0,0,0.2138,0,0,0,0,0,0,0,0,0,0.0192,"2021-08-14 01:38:09"
"20170614","08","11380560","1117054040301",4.3786,2.047,0,0,0,0,0,0,0,0,0,0.3736,0,0,0,0,0,0,0,0,0,0,0,0,0,0,0,0,0,0,0,0,"2021-08-14 01:38:09"
"20180115","11","11170660","1119074020103",11.3682,24.7624,0,0.628,0,0,0,0,0,0,0,0,0,0,0,0,0,0,0,0,0,0.0024,0,0,0,0,0,0,0,0,0,0,"2021-08-14 01:38:09"
"20200513","23","11500630","1106083040001",522.8177,0.8164,0,0,0,0,0,0,0,0,0,0,0,0,0.4931,0,0,0,0,0,0,0,0,0,0,0,0,0.774,0,0,0,0.7607,"2021-08-14 01:38:09"
"20180518","05","11500615","1111079070001",5.8541,4.4588,0,0,0,0.0024,0,0,0,0,0,0,0,0,0,0,0,0,0,0,0.0225,0,0.3715,0,0,0,0,0,0,0,0,0.403,"2021-08-14 01:38:09"
"20210227","00","11170660","1117064020004",4.2369,90.3878,0.3113,0.0138,0,0,0,0,0,0.0096,0,0,0,0,0,0,0,0,0,0,0,0,0,0,0,0,0,0,0,0,0,1.0151,"2021-08-14 01:38:09"
"20191022","06","11260520","1106089030001",9.0157,1.6063,0,2.5647,0,0,0,0,0,0,0,0,0,0,0,0,0.7125,0,0,0,0,0,0.0337,0,0,0,0.0104,0,0,0,0,0,"2021-08-14 01:38:09"
"20200404","11","11650581","1116064050003",5.8633,4.3628,0.1295,0.046,0,0,0,0,0,0,0,0,0,0.0146,0,0,1.3529,0,0,0,0,0.3736,0,0,0,0,0,0,0,0,0,0.0001,"2021-08-14 01:38:09"
"20180202","04","11710520","1115060010001",2.8854,3.967,1.1657,0,0,0,0,0,0,0,0,0,0,0,0,0,0,0,0.538,0,0,0,0,0,0,0,0,0,0,0,0,1.578,"2021-08-14 01:38:09"
"20190412","18","11650540","1107072050007",28.3176,0.4096,0,0.5111,0,0,0,0,0,0,0,0,1.0652,0,0.7278,0,0,0,0,0,0,0,0,0,4.0643,0,0,0.5402,0,0,0,0,"2021-08-14 01:38:09"
"20191026","23","11170625","1113071020108",7.4137,1.5544,0.1681,0,0,0,0,0,0.1637,0,0,2.2143,0,0,0,0,0,0,0,0,0,0,0,0,0.5103,0,0,0,0.2132,0,0,6.6552,"2021-08-14 01:38:09"
"20191201","12","11380625","1105067020003",12.6867,9.3571,0.2662,14.6576,0,0,0,0,0,1.4595,0,0,0,0,0,0,0.5843,0,0,0,0,0,0,0,0,0,0,0,0,0,0,0,"2021-08-14 01:38:09"
"20170718","00","11710561","1121058010022",3.4881,1.5563,0.0139,0,0,0,0,0,0,0,0,0,0,0,0.0144,0,0,0,0,0,0,0,0,0,0,0,1.5015,0,0,0,0,0,"2021-08-14 01:38:09"
"20211030","02","11320700","1110063011202",0.6022,5.5324,0.4843,0,0,0,0,0.0649,0,0,0,0,0,0,0,0,0,0,0,0,0,0,0,0,0,0,0,0,0,0,0,0.208,"2021-08-14 01:38:09"
"20191219","22","11470590","1112072010003",10.7703,171.6088,0.0972,0,0,0,0,0,0,0,0,0.3735,1.3818,0,0,0,0,0,1.7025,0.5286,0,0,0,0,0,0,0,0,0,0,0,0,"2021-08-14 01:38:09"
"20190620","21","11500603","1113072040013",0.1335,27.1105,3.3387,2.386,0,0,0,0,0,0,0,0,0,0.3577,0.3225,0,0.2517,0,0,0,0,1.517,0,0,0,0,0,0,0.8293,0,0,0.5414,"2021-08-14 01:38:09"
"20210205","20","11350580","1103063020401",5.6599,3.4858,2.4003,0,0,0,0,0,0,0.889,0,6.0187,0,0,0.0431,0,0,0,1.1257,0,0,0,0.5168,0,0,0,0,0,0,0,0,0,"2021-08-14 01:38:09"
"20201115","07","11740600","1123060011402",2.1517,5.8248,0.3032,1.2717,0,0.7305,0,0,0,0,0,0,0,0,0,0,0,0,0,0,0,0,0,0,0,0,0,0,0,0,0,0,"2021-08-14 01:38:09"
"20210513","12","11710580","1113073010021",2.4276,0.8907,1.2446,0,0,1.0281,0,0,0,0,0,0,0,0,0,0,0,0,0,0.1095,0,0,0,0,0,0,0,0,0,0,0,0,"2021-08-14 01:38:09"
"20180802","14","11740530","1121073020101",3.935,7.9234,0.0001,0.1929,0.3486,0,0,0,0,0,0,0,0,0,0.4485,0,0.5431,0,0,0,0,0,0,0,0,0,0.7863,0,0,0,0,0,"2021-08-14 01:38:09"
"20190119","15","11260550","1123079060111",48.2117,3.4355,0,0,0,0,0,0,0,0,0,0.08,1.9586,0.0845,0.0334,0,0,0,0,0,0,0,0,0,0,0,0,0,0,0.1171,0,0,"2021-08-14 01:38:09"
"20190905","17","11650540","1113071020003",5.62,49.4497,0.5559,1.1658,0,0,0,0,0,0,0,0,0,0.7436,1.5464,0,0.3191,0,0,0,0,0,0,0,0,0,0,0,0,0,0,0,"2021-08-14 01:38:09"
"20171207","21","11380650","1103053020011",14.4938,1.5261,1.4362,1.7555,0,0,0,0,0,0,0,0.2437,0,0,0.5945,0,0,0,0,0.9796,0,0,0,0,0,0,0,0,0,0,0,0,"2021-08-14 01:38:09"
"20210228","00","11440680","1123059010803",178.6298,63.977,0,1.5766,2.3307,0,0,0,0,0,0.9072,0,0,0,0.4134,0,0,0.0934,0,0,0,0,0,0,0,0,0,0,0,0,0,0,"2021-08-14 01:38:09"
"20191016","09","11620685","1109065030013",11.4537,0.9434,0.7927,0,0,1.4299,0,0,0,0.7996,0,0,0,0,0.4345,0.0072,0,0,0,0,0,0,0,0,0,0,0,0,0,0,0,0,"2021-08-14 01:38:09"
"20210331","18","11215860","1115052020003",6.1939,0,0,0,0,0,0,0,0,0,0,0,0,0,2.2651,0,0,0,0,0,0,0,0,0,0,0,0,0,0,0,0,0.3818,"2021-08-14 01:38:09"
"20210730","16","11530730","1122061010007",25.3402,36.5988,0.0029,0.5287,0,0.9299,0,2.7438,0,0,0,0,0,0,0,0,0,0,0,0,0,0,0,0,0,0,0,0,0,0,0,0,"2021-08-14 01:38:09"
"20190605","16","11305620","1116074020003",15.6743,1.7782,0,0,0,0.4431,0,0,0,0,0,0.09,0.0088,0,0.0004,2.4248,0,0,0,0,0,0,0,0,0,0,0,0,0,0,0,0.9027,"2021-08-14 01:38:09"
"20210615","10","11545680","1105063040307",0.7239,7.1269,0.5898,0.3976,0,0,0,0,0.0006,0,0,0.0518,0,0,0,0,0,0,0,0,0,0,0,0,2.4301,0,0,0,0,0,0,0,"2021-08-14 01:38:09"
"20190119","22","11470620","1125059010205",75.3903,3.1268,0.0197,1.7059,1.0919,0,0,0.0988,0,0,0,0.6552,0,0,0,0,0,0,0,0,0,0,0,0,0,0,0,0,0,0,0,0,"2021-08-14 01:38:09"
"20170119","22","11650580","1121065020004",1.0956,3.7933,1.0948,0.0092,0.3168,0,0,0,0,0.5854,0,0,0,0.0081,1.168,0,0,0,0,0,0,0.5926,0,0,0,0,0,0,0,0,0,2.4895,"2021-08-14 01:38:09"
"20170807","00","11740600","1102054050701",3.1201,1.5275,0,0.3074,1.0615,0,0,0,0.5598,0.0451,0,0,0.3217,0,0,0,0,0,0,0,0,0,0,0,0,0,0,0,0,0,0,0,"2021-08-14 01:38:09"
"20211031","02","11290590","1110062020108",0.1537,6.7077,0,0,0,0,0,0,0,0.1942,0,0,0.3521,0,0,0,0,0,0,0,0,0,1.043,0,0,0,0,0,0,0,0,0.0007,"2021-08-14 01:38:09"
"20171214","13","11380690","1111069010020",2.8704,0.8415,0.5136,0,0,0,0,0,0,0,0,2.0114,0,0,0,0,0,0,0,0,0.3384,0,0,0,2.0799,0,0,0,0.3551,0,0,4.9763,"2021-08-14 01:38:09"
"20180604","04","11500530","1110051030017",29.1242,11.2192,0.3326,0.0364,0,0,0,0,0,0,0,0,0,0,0,0,0,0,0,0,0,0,0,0,0,0,0,0,0,0,0,0,"2021-08-14 01:38:09"
"20180502","01","11200690","1105056020013",3.3302,0,0,0,0,0,0,0,0.619,0,0,0,0,0,0.2814,0,0,0,0,0,0,0,0,0,0,0,0,0,0,0,0,0.5492,"2021-08-14 01:38:09"
"20190819","03","11260610","1115062010002",5.4824,0.4902,0,0.5634,0,0,0,0,0,0,0,0,0,0,2.2847,0.7014,0,0,0,0,0.0089,0,0,0,0,0,0,0,0,0,0,0,"2021-08-14 01:38:09"
"20171231","23","11260680","1108062010202",7.8553,83.5487,0.5245,0,0.7153,0,0,0,0,0,0,0.4377,0,0.2353,0,0,0,0,0,0,0,1.2109,0,0,0,0,0,0,0,0,0,1.9667,"2021-08-14 01:38:09"
"20200529","08","11410700","1122062010014",4.978,15.777,2.8362,0,0,0.5091,0,0,0,0.2125,0,0,0,0,1.2215,0,0.8633,0,0,0,0,0,0,0,0,0,0,0,0,0,0,8.2863,"2021-08-14 01:38:09"
"20180623","17","11680690","1117054010503",42.1042,1.9653,0,1.7515,0,2.9406,0,0,0,0,0,1.0239,0,0,0,1.4943,0,0,0,0,0,0,0,0,0,0,0.3273,0,0,0,0,0,"2021-08-14 01:38:09"
"20200326","02","11710620","1125055020008",42.4538,2.4963,0,5.8961,0,1.2098,0.8115,0,0,0,0,0,0,0,0,0,0,0,0,0,0,0,0,0,2.3097,0,0,0,0,0,0,2.7934,"2021-08-14 01:38:09"
"20180916","17","11500570","1108082010101",1.5697,1.1149,0,4.5911,0,1.2675,0,0,0,0,0,0.4316,0,0,3.5945,0,0,0,0,0,0.0152,0,0,0,0,0,0,0,0,0,0,0.0077,"2021-08-14 01:38:09"
"20200408","20","11680545","1102071020118",1.1385,37.3881,0.9905,0,0,0.0032,0,0,0,0,0,13.3578,0,0,4.1072,0,0,0,0,0,0.0089,0,0,0,0,0.4286,0,0,0,0,0,0,"2021-08-14 01:38:09"
"20170503","10","11350665","1122066050301",8.4739,11.1884,0,0,0,2.5519,0,0,0,0,0,0.2086,0,0,0,2.2054,0.7978,0,0,0,0,0,0,0,0,0,0,0,0,0,0,0.5138,"2021-08-14 01:38:09"
"20200805","14","11620665","1123053010003",2.081,0.2602,0.7484,0,0.5136,1.3427,0,0,0,0,0,0,0,0,1.5224,0,0,0,0,0.8123,0,0,0,0,0,0,0,0,0,0,0,0,"2021-08-14 01:38:09"
"20181011","16","11380650","1124080010115",69.6233,12.7052,3.7526,0,0.4277,0,0,0,0,0,0,1.4752,0,0,0,0,0,0,0,0,0,0,0,0,0,0,0,0,0,0,0,0,"2021-08-14 01:38:09"
"20200418","00","11470680","1117065020003",11.7127,0.3567,1.7925,0.6292,0,0,0,0,0,0,0,0,0,0.0819,0.0366,0,0,0,0,0,0,0.011,0,0,0,0,0,0,0,0,0,0.1632,"2021-08-14 01:38:09"
"20210721","04","11590605","1118052040007",36.1656,1.6545,0,0,0,0,0,0,0,0,0,0,0,1.0106,0.4122,0,0,0,0,0,0.5899,0,0,0,0,1.3226,0,0,0,0,0,0,"2021-08-14 01:38:09"
"20210903","14","11470580","1105058020009",3.2818,10.4597,0,0.5803,0,0,0,0,0.7455,0,0,0,0,0,0.206,0,0.7251,0.5921,0,0,0,0,6.2788,0,0,0,0,0,0,0,0,0,"2021-08-14 01:38:09"
"20210428","00","11140665","1116071040007",4.1293,2.0824,4.2181,0,0,0,0.0141,0,0,0,0,0,0,0,0.8244,0,0,0,0,0,0,0,0,0,0,0,0,0,0,0.913,0,0,"2021-08-14 01:38:09"
"20171105","23","11350640","1125053020107",0.0306,12.5961,1.8297,0.5738,0,0,0,0,0,0,0,0,0,0,4.4249,6.3831,0,0,0,0,0,0,0,0,0,0,0.3937,0,0,0,0,0,"2021-08-14 01:38:09"
"20190217","11","11470650","1105064020018",0,1.1112,0,0,0,0,0,0,0,0.8109,0,0,0,0.5232,0,0,0,0,0,0,0,0,0,0,0,0,0,0,0,0,0,0,"2021-08-14 01:38:09"
"20211021","23","11530730","1114059040301",6.3617,3.4561,0.8139,1.5125,0,0.9141,0,0,0,0,0,0,0,0,0,0.7088,0,0,0,0,0,0,0.2148,0,0,0,0,0,0,0,0,0,"2021-08-14 01:38:09"
"20200910","10","11260565","1111056060003",2.546,0,0,19.3486,0,0,1.1524,0,0,0,0,3.1993,0,0,0,2.1955,0,0,0,0,0,0,0,0,0,0,0,0,0,0,0,0.0006,"2021-08-14 01:38:09"
"20190401","08","11545640","1120053040004",0.0174,24.559,0,0.5137,0,0.9731,0,0,0,0.51,0,1.1645,0,0,0,0,0,0,0,0,0,0,0,0,0,0,0,0,0,0,0,0.0847,"2021-08-14 01:38:09"
"20190420","05","11410700","1109073010120",7.8369,11.5457,0,0,0,0,0,0,0,0,0,0,0,0.1013,0,0,0.2954,0,0,0,0,0,0,0,0,0,0.4438,0,0,0,0,0,"2021-08-14 01:38:09"
"20171008","20","11650520","1115070020202",5.5676,0,0.0616,0.044,0,0,0,0,0,0,0,0,0,0,3.3211,0,0,0,0,0,0.4932,0,0.8337,0,0,0,0,0,0,0,0,0.0147,"2021-08-14 01:38:09"
"20190814","19","11410710","1120072030105",0.0451,12.8946,0,0.1999,0,0.9277,0,0.035,0,0,0,0,0,0,1.0739,0,0,0,0,0,0,0,0,0,0,0,0,0,0,0,0,0,"2021-08-14 01:38:09"
"20190719","20","11230570","1113074020005",4.2336,1.8151,0.1976,0,0.4135,0,0,0,0,1.5324,0,0,0,0.4715,0,0,0.0004,0,0,0,0,0,0,0,0,0,0.0037,0,0,0,0,0,"2021-08-14 01:38:09"
"20180920","18","11380510","1106080070005",0.7299,7.169,0,0.0001,0,0,0,0,0,0,0,0,0,0,0.8717,0,0,0,0,0,0,0,0,0,0,0,0,0,0,0,0,0.7807,"2021-08-14 01:38:09"
"20191221","07","11500615","1125074020003",4.0712,95.6263,0,1.2751,0.3192,0,0,0,0,0,0,0,0.0872,0,5.8713,0,0,0,0,0,0,4.4435,0,0,0,0,0,0,0,0,0,0,"2021-08-14 01:38:09"
"20210818","03","11290705","1115052020008",2.3379,0,1.1886,0,0,0,0,0,0,0,0,0,0,0,0,2.267,0,0,0,0,0,0,0,0,0,0,0.518,0,0,0,0,0.033,"2021-08-14 01:38:09"
"20190325","12","11620575","1109071020016",53.2767,0,0.1961,1.8663,0,0,0,0,0,0,0,0,0,0,0,5.8982,0,0,0,0,0,0,0.1629,0,0.7156,0,0,0,0,0,0,0.0006,"2021-08-14 01:38:09"
"20180412","10","11530510","1123059010702",55.6452,14.7773,0,0.6002,0,0.1154,0,0,0,0,0,1.6344,0,0,0,0,3.3388,0,0,0,0,0,0,0,0.139,0,0,0,0,0.1224,0,0,"2021-08-14 01:38:09"
"20171024","10","11440590","1120053010013",17.2072,7.5949,0.2695,7.6481,0.0882,0,2.0817,0.6706,0,0,0,0.799,0,0,0,0,0,0,0,0,0,0,0,0,0.3715,0,0,0,0,0,0,0,"2021-08-14 01:38:09"
"20201211","04","11140520","1124058020012",0.3533,10.251,0,1.1768,0,0,0,0,0,0,0,41.3001,0,0,0,0,0,0,0,0,0,0,0,0,0,0,0,0,0,0,0,0,"2021-08-14 01:38:09"
"20201009","00","11230600","1119056040003",4.5693,7.4752,0,0,0.2477,0.6942,0,0,0,0.3178,0,0.0031,0,1.4754,0,0.7291,0,0,0,0,0,0,2.2287,0,0,0,0.7962,0,0,0,0,0,"2021-08-14 01:38:09"
"20191221","04","11350630","1122062021001",0.5318,0,1.0209,0,0,0,0,0,0,0,0,0,0,0,1.9274,0.052,0.5885,0,0,0,0.3242,0,0,0,0,0,0,0,0,0,0,0,"2021-08-14 01:38:09"
"20170602","09","11620655","1104057010117",9.1064,0.0103,1.5152,14.5253,0,0,0,0,0,0,0,0.8689,0,0,0,0.1569,0.5322,0,0,0.0003,0,0,0,0,0,0,3.5805,0,0,0,0,0.2403,"2021-08-14 01:38:09"
"20201226","11","11290650","1116074010701",9.74,18.0058,0.6876,0,0,0,0,0,0,0,0,2.0427,0,0,0,0,0,0,0,0,0,0,0,0,0,0,0,0,0,0,0,1.8895,"2021-08-14 01:38:09"
"20180514","05","11350720","1112071050301",3.917,8.9978,3.0074,0.8615,0,0,0,0,0,0,0,0.0023,0,0,0,13.9799,0,0,0,0,0,0,0,0,0,0,0,0,0,0,0,0.2895,"2021-08-14 01:38:09"
"20201231","10","11410615","1112057010013",2.5616,5.3119,0.3305,1.115,0,0,0,0,0,0,0,0,0,0,0,0,0,0,0,0,0,0,0,0,0,0,0,0,0,0,0,0.0004,"2021-08-14 01:38:09"
"20190519","09","11140635","1103053020006",1.786,1.9357,0,0.9688,0,0,0,0,0.7506,0,0,0,0,0,0.581,0,0,0,1.0713,0,0,2.9305,0,0,0,0,0,0,0,0,0,0,"2021-08-14 01:38:09"
"20190316","14","11560700","1123051030001",0.9364,49.4154,2.2083,0,0,0,0,0.0023,0,0,0,0,0,3.8632,1.4157,0,0.1824,0,0,0,0,0.7201,0,0,0,0,11.1888,0,0,0,0,0,"2021-08-14 01:38:09"
"20200704","11","11290705","1102071020101",0.7928,0.2983,0,16.7309,0,0,0,0,0,0,0,0,0,0,0,0,0,0,0,1.2201,0,0,0,0,0,0,0,0,0,0,0,1.051,"2021-08-14 01:38:09"
"20190628","21","11260620","1123053040003",3.2938,57.8876,0,0,0,0,0,0,0,0,0,6.1141,0,1.2204,0,0,0,0.394,0,0,0,0,0,0,0,0,0,0,0,0,0,0.0003,"2021-08-14 01:38:09"
"20190430","00","11470640","1119054060301",7.1853,2.1445,0.1668,0,0,0,0,0,0,0,0,0.1816,0,1.1345,0,0,0,0,0,0,0,0,0,0,0,0.9562,0,0,0,0,0,0,"2021-08-14 01:38:09"
"20191208","22","11290770","1108066050205",21.8614,3.5788,0,0,0,0,0,0,0,0,0,0,0,0,0,0,1.9574,0,0,0,0,0,0,0,0,0,0,0,0,0,0,0.015,"2021-08-14 01:38:09"
"20190911","09","11680610","1121062010009",17.434,0.0618,0,0.3907,0,0,0,0,0,0,0,0,0,0,0.0037,0,0.579,0,0,0,1.9033,0,0,0,0,0,0,0,0,0,0,0.4537,"2021-08-14 01:38:09"
"20170822","21","11740660","1110055020101",16.4281,3.2483,0.1658,0.712,1.069,0,0,0,0.0915,0,0,0,0,0,0.9388,0,0,0,0,2.6853,0.0016,0,0,0,0,0,0,0,0,0,0,0,"2021-08-14 01:38:09"
"20200706","22","11200615","1106089060005",3.4913,1.6518,0.1413,0.082,0.9497,0,0.0496,0.1725,0,0,0,0,0,0,0,0,0,0,0,0,0,0,0,0,0.5965,0,0,0,0.1765,0,0,0,"2021-08-14 01:38:09"
"20210619","16","11545510","1104065030006",0.0118,7.0124,0,1.0768,0,0,0,0,0,0,0,1.2492,0,0,0,0,0,0,0,0,0,0,1.8391,0,0,0,0,0,0,0,0,0,"2021-08-14 01:38:09"
"20190113","03","11260520","1122064020001",8.9238,39.846,0.9361,0,0,0,0,0,0,0,0,0,0,0,1.7426,0,0,0.0035,0.8733,0,0,0,0,0,0,0,0,0,0,0,0,0,"2021-08-14 01:38:09"
"20210208","01","11590650","1101073020011",18.707,5.4979,12.0007,0,0,0,0,0,0,0,0,0,0,0,0.6611,0,0.9532,0,0,0,0,0,0,0,0,0,0,0,0,0,0,0.0193,"2021-08-14 01:38:09"
"20180306","20","11740685","1120071050403",0.0427,9.827,1.9452,37.9626,0,0,0,0,0,0,0,0.0565,0,0,0,0,0,0,0,0,0,4.6265,0,0,0,0,0,0,0,0,0,0.0001,"2021-08-14 01:38:09"
"20171224","21","11260690","1123078050011",5.9729,6.1042,0,1.179,0,0,0,0,0,0,0,0,0,0,2.5682,0,0,0,0,0,0,0,0,0,0,0,0,0,0,0,0,0,"2021-08-14 01:38:09"
"20200525","15","11380631","1117068020104",1.2872,6.5043,0,0.9399,0.6781,0,0,0,0.2469,0,0,0.0118,0,0.5514,0,0,0,0,0,0,0.2853,0.03,0,0,0.0296,0,0,0,0,3.2738,0,0.0942,"2021-08-14 01:38:09"
"20211010","16","11620745","1120053040802",0.0162,0.7529,0.1804,1.0825,0,0,0,0,0,0,0,0,0,0,0,0,0,0,0,0.5622,0,0,0,0,0,0,0,0,0,0,0,0,"2021-08-14 01:38:09"
"20190601","21","11740600","1112052010103",77.8119,16.2859,0,0.536,0,0,0,0,0,0,0,0,0,0,2.8928,0,0,0,0,0,0,0,0,0,0,0,0,0,0.0043,0,0,0.5468,"2021-08-14 01:38:09"
"20181113","09","11530720","1115060040011",0.2707,0.7151,0.3205,5.4597,0,0,0,0,0,0,0,0,0,0,0,0,3.6347,0,0,0,0,0,0,0,0,0,0,0,0,0,0,0,"2021-08-14 01:38:09"
"20210817","01","11200645","1121078020008",2.2052,2.5154,0,0,0.8639,0,0,0,0,0,0,0,0,0,0,0,0.7934,0.415,0,0,0,0,0.4817,0,0,0,0,0,0,0,0,0.7994,"2021-08-14 01:38:09"
"20200726","05","11740540","1122053051701",4.7817,8.572,0,0.757,0,0,0,0.9217,0,0,0,0.2069,0,0,0,0,0.4773,0.0122,0,0,0,0,0.0693,0,0,0,0,0,0,0,0,0,"2021-08-14 01:38:09"
"20210512","20","11440565","1108084010402",389.1987,3.9823,0,0,0,0,0.8808,0,0,0,0,0,0,0,0,0,0,0,0.1968,0,0,0,0,0,0,0,0,0,0,0,0,0.5055,"2021-08-14 01:38:09"
"20201021","23","11620630","1114066070006",24.8715,2.2283,0.3709,1.3329,0,0,0,0,0,0,0,0,0,0,1.3482,0,0,0,0,0,0,0,0,0,0,0,0,0,0,0,0,0,"2021-08-14 01:38:09"
"20191026","01","11410615","1103069020003",0.4476,0,1.1129,0,0,0,0,0,0,0.0396,0,0,0,0.0305,1.1572,0,0,0,0,0,0,0,0.1663,0,0,0,0,0,0,0,0,0,"2021-08-14 01:38:09"
"20200822","11","11440630","1116051010005",3.6971,10.2221,2.7585,0.2052,0,0,0,0,0,0,0,0.2255,0,2.2459,0,0,0,0,0,0,0,0,0,0,0,0,0,0,0,0,0,2.2951,"2021-08-14 01:38:09"
"20200515","02","11440730","1109074010101",14.0148,8.327,0.8242,0.8845,0,0,0,0,0,0.489,0,0,0,0,0,0,0,0,0,0,0,0,1.8358,0,0,0,0,0,0,0,0,0.0002,"2021-08-14 01:38:09"
"20210327","10","11500604","1105063020701",3.7002,4.8346,0,0,0,0,0,0,0,0,0,1.2899,0.0546,0,1.1435,0,0,0,0,0.6452,0,0,0,0,0,0,0,0,0.3118,0.0383,0,0.0302,"2021-08-14 01:38:09"
"20181101","13","11305630","1125063010011",161.0584,0.3431,0.2186,0.7242,2.3531,0,0,0,0,0,0,0,0,0,0.1884,0,5.1248,0,0,0,0.0387,0,0,0,0,0,0,0,0,0,0,0,"2021-08-14 01:38:09"
"20191115","23","11680650","1112067010001",25.6653,0.1227,0,0.0004,0,0,0,0,0,0,0,0,0,0,0,0,0,0,0,0,0,0,0,0,0,0,0,0,0,0.0034,0,0.5911,"2021-08-14 01:38:09"
"20211010","23","11380640","1125073010007",1.7361,13.5299,0.001,0,0,0,0,0,0,0.0036,0,0.3083,0,0.4559,0,0,0,0,0,0.6051,0,0,0.6257,0,0,0,0,0,0,0,0,0.3246,"2021-08-14 01:38:09"
"20210806","00","11290525","1117056020401",0.3712,1.7752,0,0.7167,0,0,0,0,0,0,0,0,0.4143,0,0,1.3572,0,0,0,0,0,0,0,0,0,0,0,0,0,0,0,0,"2021-08-14 01:38:09"
"20170326","00","11290770","1124064020005",7.256,1.37,0,4.3354,0,0,0,0,0,0,0,0,0,0.7187,0,0,0,0,0,0,0,0,0.1392,0,0,0,0,0,0,0,0,0.3462,"2021-08-14 01:38:09"
"20210123","13","11230750","1123077010001",0.2616,7.3978,0,0,0,0,0,0,0,0,0,0,0,0,0,0,0,0,0,0,0,1.7822,0,0,0,0,0,0,0,0,0,0.1673,"2021-08-14 01:38:09"
"20180527","22","11470640","1124052030602",0.6465,0.6985,1.8327,1.717,1.4842,0,0,0,0,0,0,0,0,0,0,0,0,0,0,0,0,0,0,0,0,0,0,0,0,0,0,22.4653,"2021-08-14 01:38:09"
"20170628","23","11680650","1115060041402",13.0435,5.1083,0,0.6306,0,0,0,0,0,0,0,0.3313,0,0,0,0,0,0,0,0,0.1621,0,0,0,0,0,0,0,3.5071,0,0,0,"2021-08-14 01:38:09"
"20190611","14","11230660","1103053020101",56.397,3.9229,0,2.3617,0,0,0,0,0,0,0,0,0,0,0,0,0.5994,0,0,0,0,0,0.3591,0,0,0,0,0,0,0,0,0.0742,"2021-08-14 01:38:09"
"20210523","22","11680545","1106084020102",2.5875,7.548,0.1785,3.7943,0,0,0,0,0,0,0,0,0,0.535,0,0,0,0,0,0,0.1409,0,0,0,0,0,0,0,0.4518,0,0,0.4186,"2021-08-14 01:38:09"
"20210306","08","11260520","1117069020013",47.3073,0,0.4419,0.2826,0.0393,0,0,0,0,0,0,0,0,0,2.4441,0,16.2519,0,0,0,0.1124,0,0,0,0,0,0,0,0,0,0,0,"2021-08-14 01:38:09"
"20210816","15","11710520","1123065030601",3.958,3.3338,0.0966,0.3782,0,0,0,0,0,0,0,0.0094,0,0,0,0,0,0,0,0,0,0,0,0,0,0,0,0,0,0,0,1.2121,"2021-08-14 01:38:09"
"20191010","13","11350580","1125061021301",6.1608,21.0506,0.8002,7.0897,0,0,0,0,0,0,0,0,0,0.2395,1.3722,0,0,0,0,0,0,0,0,0,0,0,0.1623,0,0.5926,0,0,0.2133,"2021-08-14 01:38:09"
"20181021","00","11410565","1105058010005",1.1571,0.3,0,0.6024,0.9377,0.7538,0,0,0,0,0,0,0,0,0,0,0,0.0437,0,0,0,0,0,0,0,0,0,0,0,0,0,0,"2021-08-14 01:38:09"
"20180122","19","11305600","1114075010206",21.2407,2.3685,0.7379,0,0,0.3447,0,0,0,0.1371,0,1.3828,0,0,0.238,0,0,0,0,0,0.0823,0,0,0,0,0,0,0,0,0,0,1.8421,"2021-08-14 01:38:09"
"20201024","14","11305620","1121052020012",6.6598,12.0343,0,0,0,0,0,0.2861,0.5008,0,0,0,0,0.1779,0,0,0,0,0,0,0,0,0,0,0,0,0,0,0,0.0002,0,0,"2021-08-14 01:38:09"
"20170515","06","11215830","1117064020301",2.9175,2.6727,7.4404,0.003,0,0,0,0,0,0,0,0,0,0,0.0119,0.5405,1.5861,0,0,0,0,0,0,0,0,0,0,0,0,0,0,0,"2021-08-14 01:38:09"
"20200215","02","11350600","1105062040101",6.8095,1.8457,0,0.1343,0,0.5292,0.138,0,0,0,0,0,0,0,0,0,0,0,0,0,0,0,0,0,0,0,0,0,0,0,0,0,"2021-08-14 01:38:09"
"20191122","03","11680590","1115058020401",33.189,56.1177,0,0,0,0,0,0,0,0,0,0,0,0,0,0,0.372,0,0,0,0,0,0,0,0,0,0,0,0,0,0,0,"2021-08-14 01:38:09"
"20190111","17","11530770","1107070010101",0.269,6.6309,0,2.1525,0,0,0,0,0,0,0,0,0,0.1141,0,0,0,0,0,0,0.0567,0,0,0,0,0.7056,0,0,0,0,0,0,"2021-08-14 01:38:09"
"20190308","04","11470680","1124060020006",4.7804,7.5838,0,0,0,0,0,0,0,0,0,0,0,0.048,0,0,0.0217,0,0,0,0.2138,0,0,0,0,0,0,0,0,0,0,0,"2021-08-14 01:38:09"
"20210812","04","11500604","1123064050002",10.3354,1.629,0,0,0,0.2952,0,0,0,0.796,0,3.0248,0,0,0,0,0,0,0,0,0,0,1.1737,0,0,0.1675,0,0,0,0,0,0,"2021-08-14 01:38:09"
"20190118","18","11740685","1111066040602",0.9119,0.6369,0,0,0,0,0,0,0,0,0,0,0,0,0,0,0,0,0.4209,0.4716,0,0,0.4108,0,0,0,0,0,0,0,0,0,"2021-08-14 01:38:09"
"20200205","21","11440655","1121061010013",0.0599,2.1931,0,0,0,0,0,0,0,0,0,1.7734,0,0,0.0693,0,1.1471,0,0,0,0,0,1.2731,0,0,2.0263,1.9717,0,0,0,0,0.002,"2021-08-14 01:38:09"
"20180427","15","11500630","1123066010301",33.4294,233.7805,0,7.1594,0.6791,0,0,0,0,0,0,2.5578,0,0,0,0,0,0,0,2.5722,0,0,0,0,0,0,0,0,0,0,0,0.104,"2021-08-14 01:38:09"
"20170523","19","11680510","1104055020012",3.0119,7.9321,0,7.7468,0,0,0.1803,0,0,0.7479,0,0.5123,0,0,0.4496,0,0,0,0,0,0,0,0,0,0,0,0,0,0,0.9332,0,5.8618,"2021-08-14 01:38:09"
"20200916","21","11740650","1119067010001",3.0597,0,0,1.9771,0,0,0,0,0,0,0,0,0,0,0,0,0,0,0,0,0,0,0,0,0,0,0,0,0,0,0,0,"2021-08-14 01:38:09"
"20200307","01","11500535","1110054020005",61.3431,0.8056,0.3214,1.1244,0,0,0,0,0,0,0,2.0178,0,0.2712,0,0,0,0,0.6679,0,0,0,0,0,0,0,0,0,0,0,0,0,"2021-08-14 01:38:09"
"20210106","19","11305534","1124067021003",4.1416,12.794,0.2874,0,0,0,0,0,0,0,0,0,0,0,0.6236,0,0,0,0,0,0,0,0,0,0,0,0,0,0,0,0,0.0003,"2021-08-14 01:38:09"
"20190107","06","11710650","1125074010009",28.0494,5.6765,1.5603,4.7684,0,0.0797,0,0,0,0,0,1.2206,0,1.4372,0,0,1.4749,0,0,0,0,0,0.0065,0,0.32,0,0,0,0,0,0,0,"2021-08-14 01:38:09"
"20210526","07","11560620","1114076020302",8.4726,3.7059,1.1063,0,0,0.1315,0,3.7394,0,0,0,0,0,0,2.1055,0,0.0738,0,0,0,0,0,0,0,0,0,0,0,0,0,0,0.1408,"2021-08-14 01:38:09"
"20190520","19","11740530","1123064070006",26.393,5.3474,4.4339,0,0.4393,0,0,0,0,0,0,0,0,0,2.1267,0,0.068,0,0,0,0,0,0,0,0,0,0,0,0,0,0,0,"2021-08-14 01:38:09"
"20181030","19","11350595","1112072010004",0.8527,6.7701,5.5342,0.7721,0,0,0,0,0,0,0,0,0.1977,0,0,0.3801,0,0,0,1.2573,0,0,0,0,0,0,0,0,0,0,0,0,"2021-08-14 01:38:09"
"20201101","05","11590605","1107073040011",1.9548,4.979,0,13.0644,0,0,0,0.4914,0,0.1862,0,0,0,0,0.0239,0,0,0,0,0.3783,0.3946,0,0,0,0.0096,0,0,0,0,0,0,1.2553,"2021-08-14 01:38:09"
"20200604","16","11140645","1116072011002",6.1527,20.1089,0,0.7734,0,0,0,2.8021,0,0,0,0,0,0.3263,0.6562,0.1076,0,0,0,0.2047,0,0,0,0,0,0,0,0,0,0,0,0,"2021-08-14 01:38:09"
"20201214","16","11560550","1111053010201",53.4419,4.7887,0,0,1.358,0.9423,0,0,0,0,0,0,0,0,0,0,0,0,0,0,0.3364,0,0,0,0,0,0,0,0,0,0,0,"2021-08-14 01:38:09"
"20210726","17","11170570","1113062020101",3.9108,55.1966,1.1211,0,0,0,0,0.087,0,0,0,0.299,0,0,0,0,0,0,0,0,0,0,0,0,0,0,0,0,0,0,0,0,"2021-08-14 01:38:09"
"20180410","23","11140580","1116073030003",8.9373,0.011,0.091,0,0,0,0,0.3422,0,0,0,3.2844,0,0,0,0,0,0,0,0,0,0,0,0,0,0,0,0,0,0,0,0,"2021-08-14 01:38:09"
"20180203","08","11440585","1102071010004",0.9819,3.2238,9.7952,2.4869,0,0.0459,0,0.8629,0,0,0,0,1.1721,0,0,0,0.0966,0,0,0,0,0,0,0,0,0,0,0.1344,0,0,0,0,"2021-08-14 01:38:09"
"20210212","16","11320700","1124060030010",145.9956,2.8147,0,2.1566,0,0.1065,0,0,0,0.1561,0,0.0415,0,0.5041,0,0.053,0.4931,0,0,0,0,0,0,0,0,0.9824,0,0,0,0,0,0,"2021-08-14 01:38:09"
"20210425","04","11500510","1121073010002",3.8994,1.34,0,0.5952,0,0,0,0,0,0,0,0,0,0,0.7031,0,1.4155,0,0,0,0,0,0,0,0,0,0.8705,0,0,0,0,0,"2021-08-14 01:38:09"
"20170903","15","11560720","1123080020109",117.3641,0.4151,0.2435,2.7228,0,0,0,0,0,0,0,0,0.0596,0,0,0,0,0,0,0,0,0,0,0,0,0.3921,0,0,0,0,0,0,"2021-08-14 01:38:09"
"20200829","12","11500530","1104056030105",14.8136,0,0,0,1.9741,0,0,0,0,0,0,0,0,0,0,0,0.0282,0,0,0,0,0,0,0,0,0.1639,0,0,0,0,0,0,"2021-08-14 01:38:09"
"20180429","16","11710670","1114077010007",18.5958,5.8599,1.2213,0.0913,0,0,0,0,0,0,0,1.8158,0,0,0,0.1608,0,0,0,0,0,0,0,0,0,0,0,0,0,0,0,0,"2021-08-14 01:38:09"
"20170917","16","11560720","1122056030101",6.7361,31.1762,0,2.0605,0,0,0,0,0,0,0,0,0,0,0,0,0,0,0,0,0,0,0.0063,0,0,0,2.0354,0,0,0,0,0,"2021-08-14 01:38:09"
"20191013","04","11470640","1120066010013",2.7315,6.1583,2.8084,0.8709,0,0.3999,0,0,0,1.7471,0,0,0,0,0.3741,0,0,0,0,0,0.0341,0,0,0,0,0,0,0,0,0,0,0,"2021-08-14 01:38:09"
"20170914","06","11410620","1110055010001",3.2383,21.2922,0,0.4003,0.1533,0.5459,0,0,0,0,0,0,0,0,0,0,0,0,0,0,0,0,0,0,0,0,0,0,0,0,0,0,"2021-08-14 01:38:09"
"20190312","07","11215710","1111056010103",0.0086,20.1547,5.7224,2.3413,0.1596,0,0,0,0,0,0,0,0,0,0,0,0,0,0,0,0,0,0,0,0,0,0,0,0,0,0,0,"2021-08-14 01:38:09"
"20201223","21","11380530","1115066030202",97.9626,13.0099,0,0,0,0,0,0,0,0,0,0,0,0,0,0,0,0,0,3.2176,0,0,0,0,0,0,0,0,0,0,0,1.7939,"2021-08-14 01:38:09"
"20180817","16","11740685","1121080011201",10.3628,18.0326,0,0.0062,0,0,0,0,0,0,0,0,0.2618,0,0,0,0,0,0,0,0,0,0,0,0,0,0,0,1.145,0,0,0,"2021-08-14 01:38:09"
"20200510","10","11500593","1119065010009",5.7452,336.825,0,0.6046,0,0,0,0,0,0,0,0,0,0,0,4.4022,0,0,0,0,0,0,0,0,0,0,0,0,0,0,0,0,"2021-08-14 01:38:09"
"20180805","15","11530760","1106084020001",3.0639,12.8349,0,1.736,0,0.2993,0,0,0,0,0,0,0,0,0,0,0,0,0,0,0,0,0,0,1.4207,0,0,0,0,0,0,0,"2021-08-14 01:38:09"
"20200616","11","11410655","1109064010017",10.7129,0.6717,0,0.4867,0.0298,0,0,0,0,0,0,0,0,0,0,2.8862,0,0,0,0,0,0,0.8712,0,0,0,0,0,0.1597,0,0,0,"2021-08-14 01:38:09"
"20210518","13","11680521","1105066010002",23.0144,4.5971,0,1.4907,0,0,0,0,0,0,0,0,0,0,0,0,0.6259,0,0,0,0,0,0,0,0,0,0,0,0,0,0,0,"2021-08-14 01:38:09"
"20180823","22","11140665","1120072040102",23.1336,1.3938,0.0134,3.8019,0,0,0,0,0,0,0,0,0.1493,0,0,0,0,0,0,0,0,0,0,0,0.6226,0,9.9392,0,0,0,0,0,"2021-08-14 01:38:09"
"20210510","03","11740620","1112066020803",3.4051,9.9423,0.3026,0.4822,0,0,0,0,0,0,0,1.1842,0,0,0,0,0,0,0,0,0,0,0,0,0,0,0,0,0.001,0,0,0,"2021-08-14 01:38:09"
"20171107","06","11140650","1115063020201",13.5285,1.268,1.099,0,0,0.7223,0,0,0,0,0,0.1684,0,0,0,0,0,0,0,0,0,0,0,0,0,0,0,0,0,0,0,0,"2021-08-14 01:38:09"
"20170723","19","11350611","1112071040401",47.9794,8.24,0,0,0.9219,0.0707,0,0,0,0,0,0,0,0,0,0,0,0,0,0,0,0,0,0,0,0,0,0,0.2255,0,0,0,"2021-08-14 01:38:09"
"20181108","19","11260580","1122059010302",3.5442,36.6831,0,0,0,0,0,0,0,0,0,0.0091,0,0,0,0,0,0,0,0,0,0,0,0,0,0,0,0,0,0,0,0.1409,"2021-08-14 01:38:09"
"20191225","10","11500615","1110055020003",6.6496,3.2557,15.3983,0,0,0,0,0,0,0,0,0.822,0,0,0,0,0.1499,0,0,0,0,0,0,0,0,0,0,0,0,0,0,0,"2021-08-14 01:38:09"
"20170503","10","11500540","1104052010403",14.3798,0.0629,0.2173,0,0.3854,0,0,0,0,0,0,0.5729,0,0,0,0,0,0,0,0,0,0,0,0,0,0,0,0,0,0,0,0.0899,"2021-08-14 01:38:09"
"20170505","14","11620685","1115072030027",7.0409,164.112,0,0,0,1.1596,0,0,0,0,0,0,0,0,0,0,0,0,0,0,0,0.3147,0,0,0,0,0,0,0,0,0,0.3807,"2021-08-14 01:38:09"
"20201103","23","11545680","1111065020002",6.2201,40.0627,0,1.8371,0,0,0,0,0,0,0,0,0,0,0,0,0.3734,0,0,0,0,0.4816,0,0,0,0,0,0,0,0,0,2.7544,"2021-08-14 01:38:09"
"20180513","22","11710610","1110052020010",2.2459,3.6752,0,1.7064,0,0,0,0,0,0,0,0.0651,0,0,0,0,0,0,0,0,0,0,0,0,0,0,0,0,0,0,0,1.8791,"2021-08-14 01:38:09"
"20171229","23","11140615","1105058010019",1.6281,6.9591,2.4175,0,0,0,0,0,0.2507,0,0,0.0205,0,1.3049,0,0,0,0,0,0,0,0,0,0,0,0,0,0,0,0,0,0,"2021-08-14 01:38:09"
"20200407","06","11410585","1120053010012",15.9353,1.4779,16.1996,0,0,0,0,0.6427,0,0,0,0,0,0,0.1441,0,0,0,0,0,0,0,0,0,0,0,0,0,0,0,0,0,"2021-08-14 01:38:09"
"20170129","08","11500510","1118054030005",7.2146,0.6204,1.3507,2.3167,0,0,0,0,0,0,0,0,0,0,0,0,0,0,0,0,0,0,0,0,0,0,0,0,0,0,0,0,"2021-08-14 01:38:09"
"20200812","21","11530780","1123073020010",0.002,4.1854,0,0,0,0,0,0,0.0008,0,0,0,0,0,1.0571,0,0,0,0,0,0,0,0,0,0,0,0,0,0,0,0,0.3415,"2021-08-14 01:38:09"
"20180926","15","11710670","1119073040003",16.979,0.9318,0,0.1531,0,0,0,0,0,0,0,0,0,0,0,0,0,0,0,0,0,0,0,0,0,0,0,0,0,0,0,0.0088,"2021-08-14 01:38:09"
"20200502","15","11680750","1101063020001",0.0071,3.7149,0,1.0204,0,0,0,0,0,0,0,0,0,0,0,0,0,0,0,0,0,0,0,0,0,0,0,0,0,0,0,0.0204,"2021-08-14 01:38:09"
"20180414","05","11710610","1117055020005",0.7882,1.2313,1.9819,0.0153,0,0,0,0,0,0,0,0,0,0,0,0,0,0,0,1.5698,0,0,0,0,0,1.7264,0,0,0,0,0,0.6157,"2021-08-14 01:38:09"
"20170106","23","11215820","1119056030003",749.1131,6.6204,0.4882,0,0,0,0,0,0,0,0,0,0,0.0352,0,0,0.0184,0,0,0,0,0,0,0,0,0,0,0,0,0,0,0,"2021-08-14 01:38:09"
"20180411","12","11320710","1108084020504",16.6684,2.5859,0.0773,0.8293,0,0,0,0,0,0,0,0.5142,0,0,0,0,1.7429,0,0,0,0,0,0,0,0,0,0,0,0,0,0,0,"2021-08-14 01:38:09"
"20170722","01","11200570","1124064020033",5.3752,0,0,0.4488,0,0,0,0,0,0,0,2.2232,0,0,0.8385,0,0,0,0,0,0,0,0,0,0,0,0,0,0,0,0,0.1668,"2021-08-14 01:38:09"
"20170406","21","11200645","1124052010303",2.0907,73.6029,1.4344,1.6816,0,0,0,0,0,0,0,0.0944,0.3262,0,0,0,0,0,0,0,0,0,0,0,0.1088,0,0,0,0,0,0,0.0001,"2021-08-14 01:38:09"
"20170711","08","11530780","1121078010018",0.6642,0,0,1.2119,0,0,0,0,0,0,0,0,0,0,0.8191,0,7.9209,0,0,0,0,0,0,0,0,0,0.098,0,0,0,0,98.7012,"2021-08-14 01:38:09"
"20180720","13","11650531","1123072020104",4.1336,0.7446,0.3119,13.5625,0,0,0,0,0,0,0,0.0379,0,0,0,0,0,0,0,0,0,0,0.0053,0,0,0,0,0,0,0,0,0,"2021-08-14 01:38:09"
"20170924","10","11290810","1105054030009",6.989,2.1133,0,0,0.5136,0,0,0,0,0,0,0,0,0,0,0,0,0,0,0,0,0,0,0,0,0,0,0,0,0,0,1.0893,"2021-08-14 01:38:09"
"20180311","01","11710520","1112058030004",10.9349,0.4975,0.2237,0.7462,0,0,0,0,0,0,0,0,0,0,0,0,0,0,0.0125,0,0.384,0,0.8044,0,0,0,0,0,0,0,0,0.777,"2021-08-14 01:38:09"
"20181107","02","11440690","1113068020002",64.3389,1.6292,0,0,0,0,0,0,0,0,0,0,0,0,0,0,0,0,0,0,0,0,0,0,0,0,0,0,0,0,0,0.0003,"2021-08-14 01:38:09"
"20200402","21","11650560","1112052020016",1.2644,7.2147,0,0,0,0,0,0,0,0,0,0,0,0,0,0,0,0,0,0,0,0,0,0,0.0102,0,0,0,0,0,0,0,"2021-08-14 01:38:09"
"20180517","21","11440585","1110065030103",8.7603,6.1835,0,1.6932,0,0,0,0,0,0,0.011,0.0001,0,0,0,0,0,0,0,0,0,0,0,0,0.6165,0,0,0,0,0,0,0.1429,"2021-08-14 01:38:09"
"20180821","16","11500535","1122058010003",2.0941,0,0.3678,0,0,0,0,0,0,1.5002,0,0,0,0.1023,0,0,0,0,0,0,0,0,0,0,0,0,0,0,0,0,0,0,"2021-08-14 01:38:09"
"20170418","06","11350710","1111077050104",51.6555,3.702,0.9762,0.6192,0.0007,0,0,2.0423,0,0,0,0.4529,0,0,0,0,0,0,0,0,0,0,0,0,0,0,0,0,0,0,0,0.0006,"2021-08-14 01:38:09"
"20210521","23","11170640","1115069010304",0.0018,6.5841,0,0.9814,0,0,0,0,0,1.9696,0,0.5029,0,0,0,0,0,4.0128,0.4184,0,0,1.5958,0,0,0.8709,0,0,0,0,0,0,0,"2021-08-14 01:38:09"
"20190204","19","11500603","1108078010003",71.0794,0.3921,0,0,0,0.0143,0,0,0,0,0,0,0,0,0.406,0,1.9168,0,0,0,0,0,0,0,0,0,0.9476,0,0,0,0,0,"2021-08-14 01:38:09"
"20210115","23","11620605","1105053020011",9.2643,87.1903,0.6407,0.2641,0,0,0,0,0,0.1974,0,2.3942,0.3822,0,0.3903,0,0,0,0,0,0,0,0.6151,0,0,0,0,0,0,0,0,1.3972,"2021-08-14 01:38:09"
"20210629","06","11320681","1124056020013",42.4112,22.4789,0.3733,0.3932,0,0.0532,0,0,0,0,0,0.3522,0,0,0,0,0,0,0,0,0,0,0,0,0,0,0,0,0,0,0,2.4951,"2021-08-14 01:38:09"
"20181213","15","11320680","1113076010201",1.1119,141.2137,3.1631,2.138,2.8379,0,0,0,0,0,0,0,0,0,0,0,0,0,0,0,0,0,0,0,0,0,0,0,0,0,0,1.5498,"2021-08-14 01:38:09"
"20210711","07","11530780","1122066070601",55.8498,15.5544,0,6.6993,0,0,0,0,0,0,0,0,0,0,0.8293,0,0.2848,0,0,3.0879,0,0,0,0,0,0,0,0,0,0,0,0.7307,"2021-08-14 01:38:09"
"20180206","14","11215810","1107061020004",114.6619,0.4413,0.2054,0,0,0,0,0,0,0,0,0,0,3.341,1.9231,0,0,0,0,0,0,0,0,0,0.8675,0,6.7016,0,0,0,0,0.1337,"2021-08-14 01:38:09"
"20180616","07","11380552","1123066020005",0.2103,47.5464,0,0,0,0,0,0,0,1.5418,0,0,0,0,0,0,0,0,0,0,0,0,0.0049,0,0,0,0,0,0,0.2587,0,0.9724,"2021-08-14 01:38:09"
"20200429","12","11320522","1123078050011",25.859,0.1222,2.8865,0,0,0,0,0,0,0,0,0.1579,0,0.0066,0,0,0.2403,0,0,0,0,0,0,0,0.3574,0,0,0,0,0,0,0,"2021-08-14 01:38:09"
"20170728","04","11380631","1112060020008",0.0569,40.5085,0,0,0,0,0,0,0,0,0,0,0,0,0,0,0,0,0,0,0,0,0,0,0,0,0,0,0,0,0,1.1808,"2021-08-14 01:38:09"
"20180518","00","11200580","1123078030103",4.7349,14.7134,0,0.1295,0,0,0,0,0,0,0,1.0673,0,0,0,0,4.3743,0,0,0,0,0,0,0,0,0,0,0,0,0,0,0.2088,"2021-08-14 01:38:09"
"20201216","05","11620655","1118055020004",12.8937,3.6893,2.6837,5.0519,0,0,0,0,0,0,0,0,0,0.1105,0.0194,0,0,0,0,0,0,0,0,0,0,0,0,0,0,0,0,0,"2021-08-14 01:38:09"
"20210401","04","11380690","1115053030003",0.0046,8.7108,0,3.4839,0,0,0,0,0,0,0,0.2608,0,0,0,0,0,0,0,0.1287,0,0,0,0,0,0,0,0,0,0,0,1.1313,"2021-08-14 01:38:09"
"20200402","16","11290715","1115060040011",5.3724,70.5961,0,0.0004,0,0,0.1381,0,0,0,0,0,0,0,0,0,0,0,0,0,0,0,0,0,0,0,0,0,0,0,0,0.0721,"2021-08-14 01:38:09"
"20201006","01","11470611","1114078010414",17.7042,9.3105,0.7973,1.8911,0,0,0,0,0,0,0,0.0117,0,0,0,0,0,0,0,0,0,0,0.2499,0,0,0,4.5239,0,0,0,0,0.0102,"2021-08-14 01:38:09"
"20190705","13","11350710","1112055020005",3.269,25.9455,0,4.14,2.8165,0,0,0,0,0,0,0,0,0,0,0,0,0,0,0,0,0,0,0,0,0,0,0,0,0,0,0,"2021-08-14 01:38:09"
"20180212","17","11710620","1105062030503",0.0194,1.3477,0,0,0,1.2904,0,0,0,0,0,0,0,0,0,0,0.2327,0,0,0,0,0,0,0,0,0,0,0,0,0,0,0,"2021-08-14 01:38:09"
"20200413","05","11380640","1111058050107",14.2907,733.3636,0,0,0,0,0,0.5299,0,0,0,0,0,0,0.4666,0,0,0,0,0,0,0,0,0,0,0,0,0,0,0,0,0.3002,"2021-08-14 01:38:09"
"20200430","08","11440710","1124053020002",6.4238,0.3013,0,0,0,0,0,0,0,0,0,0,0,0,0,0,0.7305,0,0,0,0,0,0,0,0,0,0,0,0,0,0,0,"2021-08-14 01:38:09"
"20191128","02","11215820","1106084020302",23.4734,2.2185,0,0,0,0,0,0,0,0,0,0.0043,0,0,6.6351,0,2.1257,0,1.1295,0.1156,0,0,0.633,0,0,0,0,0,0,0,0,0,"2021-08-14 01:38:09"
"20201124","08","11620775","1120063010007",0.2047,9.5328,0,0.9791,0,0,0,0,0,0,0,15.7748,0,0,0,0.0168,0,0,0,0,0,0.003,0,0,0,0,0,0,0.4257,0,0,0.8065,"2021-08-14 01:38:09"
"20200927","00","11620655","1108071020110",8.0871,13.6526,0,0,0,0,0,0,0,0,0,1.0189,0,0,1.5128,0,0,0,0,0,0,0,0,0.6964,0.0138,0,0.0656,0,0,0,0,0.1285,"2021-08-14 01:38:09"
"20190404","10","11590660","1101072010010",12.9964,373.5691,0,0,0,0,0,0,0.2496,0,0,0,0,0,0,0,0,0,0,0,0,0,0,0,0,0,0.1978,0,0.3786,0,0,0.0018,"2021-08-14 01:38:09"
"20171228","07","11680670","1112055010004",10.9837,1.6268,0.003,0,0,0,0,0,0,0,0,1.3905,0,0,0,0,0,0,0,0,0,0,0,0,0,0,0,0,0,0,0,0,"2021-08-14 01:38:09"
"20191126","00","11710520","1124065030001",4.3571,0,0,5.8602,0,0,0,0,0,0,0,0,0,0,0,0,0.4017,0,0,0.7649,0,0,0,0,0,0,0,0,0,0,0,0,"2021-08-14 01:38:09"
"20200313","15","11290620","1109073010305",1.1105,4.757,0,2.8277,0,0,0,0,0,0,0,0.0814,0,0,0,0,0,0,0,0,0,0,0,0,0,0,0,0.969,1.9447,0,0,0,"2021-08-14 01:38:09"
"20190109","04","11350625","1105054030006",0.1746,44.9925,0.7178,0.738,0,0,0,0,0,0,0,0.2366,0,0,0.1207,153.4367,0,0,0,0,0,1.68,0,0,0,0,0,0,0,0,0,0.3398,"2021-08-14 01:38:09"
"20190109","14","11440565","1117061010010",1.0143,1.5363,0,5.0584,0,0,0,0,0,0,0,0.4053,0,0,0,0,0,0,0,0,0,0,0.1205,0,0,0,0,0,0,0,0,0,"2021-08-14 01:38:09"
"20190106","08","11620625","1116073020016",13.6247,38.2254,0.1103,0.7613,0,0,0,1.4489,0,0,0,0,0,0,0,16.7485,0,0,0,0,0,0,0,0,0,0,0,0,0.008,0,0,0,"2021-08-14 01:38:09"
"20200608","22","11380570","1119072050008",4.2558,5.0474,0.4181,0,0,0,0,0,0,0.0693,0,0,0,0,0,0,0,0,0,0,0,0,0,0,0,0.0196,0,0,0,0,0,28.2277,"2021-08-14 01:38:09"
"20181125","10","11230730","1106082100102",26.9897,0.8907,0,2.3299,0,0,0,0,0.0015,0,0,0,0,1.1174,0,0,0,0,0,0,0,0,0.275,0,0,0,0,0,0,0,0,0.2654,"2021-08-14 01:38:09"
"20171031","08","11215840","1120068050002",0.8363,5.8954,0.1458,0,0,0.4205,0,0,0.0717,0.0521,0,0,0,0,0,0,0,0,0,0,0,0,0,0,0.9342,0,0,0,0,0,0,0.372,"2021-08-14 01:38:09"
"20171023","23","11650580","1125071020002",3.4981,0,0.4517,0.0633,1.3024,0,0,0,0,0.4131,0,0,0,0,0,0,0.824,0,0,0.393,0,0.0028,0,0,0,0,0,0,0,0,0,0,"2021-08-14 01:38:09"
"20200722","10","11380520","1115064010205",9.2805,19.1384,0,0,0,0,0,0,0,0.0326,0,0.0593,0,0,2.5066,0,0,0,0,0,0,0,0,0,0,0,0.7515,0,0,0,0,0.9964,"2021-08-14 01:38:09"
"20200806","08","11290600","1122060040003",10.4737,33.4689,0,4.3111,0,0,0,0,0,0,0,0,0,0,0,0,0,0,0,0,0,0,0,0,0,1.3983,0,0,0,0,0,0,"2021-08-14 01:38:09"
"20200219","19","11320700","1119068020202",2.6313,457.7422,0,0,0,0,0,0,0,0,0,0,0,0.2631,0,0,0,0,0,0,0,0,0,0,0,0,0,0,0,0,0,0.1291,"2021-08-14 01:38:09"
"20210213","16","11560720","1106084020301",2.6438,1.6227,2.4189,8.6713,0,0,0,0,0,0.4882,0,1.3144,0,0.2703,0,0.036,0.0558,0,0,0,0,0,0.2626,0,0,0,0,0,0,0,0,0.297,"2021-08-14 01:38:09"
"20170820","13","11530760","1123058040003",30.8679,51.0317,0,0.3146,0,0,0,0,0,0,0,0.071,0,0,0.3675,0,0,0,0,0,0,0,0,0,0,0,0,0,0,0,0,0,"2021-08-14 01:38:09"
"20190214","21","11230560","1123079030502",2.1912,0.748,0,1.039,0,0,0.2857,0,0,0.0243,0,0,0,0,1.4225,0,0,0,0,0,0,0.8728,0,0,0,0,0,0,0,0,0,0.6163,"2021-08-14 01:38:09"
"20170103","08","11260630","1104067040002",3.1838,17.2112,0.2825,0,0,0,0,0,0,0,0,1.0433,0.3083,0,1.7752,0.8513,0,0,0,0,0,0,0,0,0,0,0,0,0,0,0,1.0467,"2021-08-14 01:38:09"
"20190530","12","11350640","1108077030002",0.7825,0.0134,0,0,0,0,0,0,0,0,0,0,0,0,1.5219,0,0,0,0.952,0,0,0,0,0,0,0,0,0,0,0,0,0,"2021-08-14 01:38:09"
"20170424","14","11500540","1120054030203",6.5933,0.6721,0,5.7722,0.4144,0,0,0,0,0,0,0,0,0.6521,0,0,0,0,0,0,0,0,0,0,0,0,0,0,0.6301,0,0,0.0005,"2021-08-14 01:38:09"
"20180513","08","11410620","1106081110001",1.1014,0.6228,0,0,0,0,0,0,0.7581,0,0,0,0,0,0.352,0,0,0,0,0,0,0,0,0,0,0,0,0,0,0,0,0.0659,"2021-08-14 01:38:09"
"20191214","12","11530550","1117061020005",34.0838,14.4464,3.959,0.272,0,0,0,0,0,0.8607,0,0,0,0,0,0,0,0,0,0,0,0,0,0,0,0,0,0,0,0,0,0.0412,"2021-08-14 01:38:09"
"20170704","18","11740700","1117067010010",0.1837,37.7667,0.6295,0,0,0,0,0,0,0,0,0,0,0,0,13.7875,0.7564,0,0,0,0,0,0,0,0,0,0,0,0,0,0,0,"2021-08-14 01:38:09"
"20190826","12","11740690","1119069020303",52.0155,8.7645,4.2703,0,0,0,0,0,0,0,0,0.9331,0,0,0.4239,0,0,0,0,0,0,0,0,0,0,0,0,1.3957,0,0,0,3.7611,"2021-08-14 01:38:09"
"20200907","11","11620765","1125063020701",2.47,12.9443,0.8478,0.1267,0,0,0,0,0,0,0,1.799,0,0,0,0,0,0,0,0,0,0,0,0,0,0,0,0,0,0,0,0.515,"2021-08-14 01:38:09"
"20200624","12","11260575","1109073010114",33.7867,1.7847,0,0.5839,0,0,0,0,0,0,0,0.6483,0,0,1.6983,0,0,0,0.3611,0,0,0,0,0,0,0,0,0,0,0,0,0,"2021-08-14 01:38:09"
"20200921","18","11470630","1123059020904",7.1873,8.7995,0,3.6347,0.8872,0,0,0,0,0,0,0,0,0,0,0,0,0,0,0,0,0,0,0,0,0,0,0,0,0,0,0.0163,"2021-08-14 01:38:09"
"20180816","15","11440680","1118052020002",16.9401,11.614,1.7815,0,0,6.1548,0,0,0,0,0,0.4854,0,0,0,0,0,0,0,0,0,0,0,0,0,0,0,0,0,0,0,0,"2021-08-14 01:38:09"
"20210213","09","11500510","1122055020201",5.2275,4.4591,0.5941,0,0.2604,0,0.1968,0,0,0,0,0,0,0.742,4.2589,0,0,0,0,0,0,0.815,0,0,0,0,0,0,0,0,0,0,"2021-08-14 01:38:09"
"20210301","08","11290660","1105066011002",4.9372,64.7729,0,0,0,0,0,0,0,0,0,0,0,0,0,0.0001,1.5301,0,0,0,0,0,0,0,0,0,0,0.0042,0,0,0,34.279,"2021-08-14 01:38:09"
"20210706","07","11500630","1112071050201",8.0676,3.1542,0,0,1.2959,0,0,0.1795,0,0.0913,0,1.4233,0,0.7937,0,0,0,0,0,0,0,0.1421,0,0,0,0,0,0,0,0,0,0.0835,"2021-08-14 01:38:09"
"20210811","00","11215750","1114074030202",19.2164,59.7238,2.2691,0,0,0,0,0,0,0,0,0,0,0,0,0,0,0,0,0,0,0,0,0,0,0,0,0,0.3613,0,0,13.3479,"2021-08-14 01:38:09"
"20210825","01","11590550","1119071010008",12.2568,33.7708,0,59.7125,0,0,0,0,0,0,0,0,0,0,0.5793,0,0.1391,0.0007,0,0,0,0,0,0,0,0,0,0,0,0,0,0,"2021-08-14 01:38:09"
"20190610","17","11740570","1117072020501",8.0257,20.9639,0,4.4391,0.4362,0,0,0,0.5645,0,0,5.0343,0,0,1.6034,0,0,0,0,0,0,0,0,0,0,0.2679,0,0,0,0,0,0.0002,"2021-08-14 01:38:09"
"20181027","18","11260565","1109072010006",3.5711,1.3889,0,0.0006,0,0.3485,0,0,0,0.004,0,0.3387,0,0,0,0,0.4769,0,0,0,0,0,1.1198,0,3.8725,0,0,0,0,0,0,0.0738,"2021-08-14 01:38:09"
"20180130","11","11620695","1125074010012",127.5192,0.2913,0.5609,0,0,0,0,0,0,0,0,0.9109,0,0,0.0006,0,4.7563,0,0,0,0,0,0,0,0,0,0,0,0,0,0,0.5573,"2021-08-14 01:38:09"
"20210118","14","11650600","1116074020008",3.5256,37.669,0,0,0,0,0,0.1249,0,0,0,0.2032,0,0,0,0.7195,0,0,0,0,0,0,0,0,1.0929,0,0.4451,0,0,0,0,0.4655,"2021-08-14 01:38:09"
"20210717","16","11620595","1125063010003",1.7302,39.5334,2.5927,0,2.139,0,0,0,0,0,0,0,0,0,1.3287,0,0,0.526,0.2837,0,0,0,0,0,0,0,0,0,0,0,0,0,"2021-08-14 01:38:09"
"20210725","07","11440555","1115054020011",0.8751,4.7381,0.2528,0,2.1598,0,0,0,0,0,0,0,0,0,0,0,0,0,0,0,0,0,0,0,0,0,0,0,0,0,0,0.1069,"2021-08-14 01:38:09"
"20190923","07","11410690","1109073010502",0.8279,4.3679,0.3615,2.1087,0.3791,0.1601,0,0,0,0,0,0,0,0,1.577,0,0,0,0,0,0,0,0,0,0,0,0,0,0,0,0,0.0001,"2021-08-14 01:38:09"
"20181118","14","11740600","1111074010107",1.4142,9.7338,0,0.1032,0,0,0.9021,0,0,0,0,0,0,0,0,3.3009,0,0,0,0.2121,0,0,0,0,0,0,0,0,0,0,0,0,"2021-08-14 01:38:09"
"20190713","01","11440655","1121063020301",5.5701,7.8856,0.0059,3.634,0,0,0,0.0465,0,0,0,0,0,0,0,2.1391,0,0,0,0,0,0,0,0,3.1292,0,0,0,0,0,0,0.2292,"2021-08-14 01:38:09"
"20211005","11","11530520","1112071040308",30.4957,3.8012,0,3.6887,0,0,0,0,0,0,0,0,0,0,0,0,0,0,0,0,0,0,0,0,0,0,0,0,0,0,0,0.0683,"2021-08-14 01:38:09"
"20200922","06","11230560","1124055020203",13.5617,5.2722,0,1.1078,0,0,0,0,0,1.4346,0,0.5573,0,0,0,0,1.417,0,0,0,0,0,0,0,0,0,0,0,0,0,0,0,"2021-08-14 01:38:09"
"20190716","17","11710600","1105063040705",7.0457,4.1666,0,0,0,0,0,1.6941,0,0,0,0,0,0,0,0,0,0,0,0,0,0,0,0,0,0,0,0,0,0,0,29.0902,"2021-08-14 01:38:09"
"20170222","18","11305645","1121080010022",2.0048,0.0568,2.7026,8.5739,0,0.6189,0,0,0,0,0,5.0924,0,0,1.1607,0,0,0,0,0,0,0,0,0,0,0,0,0,0,0,0,0.0046,"2021-08-14 01:38:09"
"20190409","23","11230560","1118055020002",2.3374,1.621,0,0.1062,0,0,0,0,0,0,0,0.8048,0,0,0.2431,0,0,0,0,0,0,0,0,0,2.7784,0,0,0,0,0,0,0.045,"2021-08-14 01:38:09"
"20190302","02","11350612","1120055030008",2.8853,0.8796,0,1.6806,0,0.0003,0,0,0,0,0,0.1527,0,0,0.9429,0.0004,10.6513,0,0,0,0,0,0,0,0,0,0,0,0,0,0,15.0045,"2021-08-14 01:38:09"
"20171022","18","11440630","1120054030204",2.5151,46.2845,0.6224,8.5312,0.5107,0,0,0,0,0,0,0,0,0.3741,0,7.1188,0.7075,0,0,0,0,0,0,0,0,0,0,0,0,0,0,0,"2021-08-14 01:38:09"
"20171205","19","11350624","1116074040009",0.5715,7.7714,0,3.8202,0,0.5313,0,0,0,0,0,2.5404,0,1.0873,0,0,0,0,0,0.1009,0,0,0,0,0.9486,0,0,0,0,0,0,0,"2021-08-14 01:38:09"
"20181124","05","11215840","1111078020209",10.1532,2.7995,0.6203,0,0,0,0,0,0,0,0,0,0,0,0,0,0,0,0.1098,0,0,0.5378,0,0,0,0,0,0,0,0,1.0963,0,"2021-08-14 01:38:09"
"20201030","08","11740590","1118057040804",0.4576,28.262,0,0.9134,0,0.4495,0,0,0,0,0,0,0,0,0.661,0,0,0,0,0,0,0,0,0,0,0,0,0,0.0282,0,0,0.0639,"2021-08-14 01:38:09"
"20191022","03","11440655","1121069030012",9.2786,16.0903,0,0.6852,0,0,0,0.2449,0,0,0,0,0,0,2.1738,1.8339,0,0,0,0,0,0,0,0,0.0005,0,0,0,0,0,0,0,"2021-08-14 01:38:09"
"20180307","16","11380552","1112057020011",5.373,0.7957,0,0,0,0,0,0,0,0,0,1.8256,0,0,0,0,0.8848,0,0,0,0,0,0,0,0,0,0,0,0.8836,0,0,0,"2021-08-14 01:38:09"
"20200516","15","11320514","1125072020304",0.5777,0.8439,0.8191,1.1546,0,0.6391,1.6559,0,0,0,0,0,0,0,0,0,0.295,0,0,0,0,0,0,0,0,0,0,0,1.2721,0,0,0,"2021-08-14 01:38:09"
"20170912","18","11350580","1118052040701",1.8625,9.5249,0,0,0,0,0,0,0.1285,0,0,0,0,0.6263,0,0,0.0071,0,1.5243,0,0,0,0.7462,0,0,0,0,0,0,0,0,5.3666,"2021-08-14 01:38:09"
"20210331","14","11530730","1117051020401",5.3081,1.0882,0,0.3602,0,0,0,0,0,0,0,0,0,0,0,0.0016,0,0,0,0,0,0,0,0,0,0,0,0,0,0,0,0.0001,"2021-08-14 01:38:09"
"20171221","16","11680600","1103058040002",0.1735,9.1626,0.5152,0.0138,0.3176,0,0,0,0,0.1376,0,0.406,0,0,0,0,0,0,0,0,0,0,0,0,1.1203,0,0.0211,0,0,0,0,0,"2021-08-14 01:38:09"
"20201106","02","11500611","1115057010018",4.3247,1.718,0,0,1.4685,0,0,0,0,0,0,0,0,0,0,2.0358,0,0,0,0,0,0,0,0,2.5372,0,0,0,0,0,0,0,"2021-08-14 01:38:09"
"20190906","20","11590530","1105062030508",34.5881,2.1492,0,0,0,1.8897,0,0,0,0,0,0,0,0,0,12.2215,0.1007,0,0,0,0,0,0,0,0,0,0,0,0,0,0,0,"2021-08-14 01:38:09"
"20191118","11","11530530","1125072010006",0.704,17.3895,0,0,2.5379,0,0,0.1938,0,0,0,0,0,0,0,0,0,0,0,0,0,0,0,0,0,0,0,0,0,0,0,3.2078,"2021-08-14 01:38:09"
"20180423","21","11470520","1111077020106",0.3867,2.2822,0,0.9757,0,0,0,0,0,0,0,0.292,0,0.7356,0,4.7719,0,0,0,0,0,0,0,0,0,0,0,0,0,0,0,0.0002,"2021-08-14 01:38:09"
"20180128","21","11740610","1102071010001",38.777,7.1954,0,10.181,0,0.8345,0,0,0,0,0,0,0,0,0,0,0,0,0,0,0,0,0,0,2.4084,0,0,0,0,0,0,0.3713,"2021-08-14 01:38:09"
"20190619","03","11470611","1113073010009",5.7835,53.5033,0,0,0,0,0,0,0,0,0,1.5747,0,0,0,8.9442,0,0,0,0,0,0,0,0,1.9711,0,0,0,0,0,0,0,"2021-08-14 01:38:09"
"20181125","07","11530740","1104059020004",23.9831,41.1285,0,0,0,0,0,0,0,0,0,0,0,0,0,0,0,0,0,0,0,0,0,0,0,0,0,0,0,0,0,0,"2021-08-14 01:38:09"
"20200628","18","11470640","1116054020303",1.5539,0.0221,0,0,0,0,0,0,0,0,0,1.2496,0,1.5769,0,0,0,0,0,0,0,0,0,0,0,0,0,0,0,0,0,0,"2021-08-14 01:38:09"
"20170627","18","11380530","1122056010104",0.1576,5.9876,0,0,0,0,0,0,0,0,0,0,0,0.0039,0,8.4777,0.6589,0,0,0,0,0,0,0,0,0,0,0,0,0,0,0.125,"2021-08-14 01:38:09"
"20210630","11","11305555","1111078020206",636.9761,4.8394,0,0.0224,0,0,0,0,0,0,0,0.9999,0,0,0.5406,0,0,0,0,0,0,0,0,0,0,0,7.6929,0,0,2.5609,0,1.7968,"2021-08-14 01:38:09"
"20170405","01","11530740","1110056010011",33.5453,0,0.2563,0,0,0,0,0,0,0,0,1.1998,0,0,0,0,1.5608,0,0,0,0,0,0,0,0,0,0,0,0,0,0,0,"2021-08-14 01:38:09"
"20200906","09","11560515","1108058020002",0.1345,10.8025,0.9399,0,5.1744,0,0,0,0,0.1238,0,0.0316,0,0,0.0658,0,0,0,0,0,0,0,0,0,0,0,0,0,0,0,0,0,"2021-08-14 01:38:09"
"20170701","03","11230610","1121082020302",24.1239,1.985,0,0.0073,0,0.631,0.107,0,0,0.8088,0,0,3.9662,0,0,0,0.0794,0,0,0,0,0.2458,0,0,0,0,0,0,0,0,0,0.0055,"2021-08-14 01:38:09"
"20170423","07","11590670","1106088030103",2.3963,1.3578,0,9.3404,0,0,0,0,0,0,0,0.8357,0,0,0,0,0,0,0,0,0,0,0,0,0,0.7121,0,0,0,0,0,0.3049,"2021-08-14 01:38:09"
"20210205","23","11590680","1107071050012",0.2884,6.8666,0.7911,1.8967,0,0.053,0,0,0,0,0,0,0,0,0.1691,0,0,0,0,0,0,0,0,0,0,0.8794,0,0,0,0,0,0,"2021-08-14 01:38:09"
"20190809","02","11320700","1108078030005",5.3213,0.7916,0.0155,1.512,0,0,0,1.1774,0,0,0,0,0,0,2.2346,0,0,0,0,0.018,0,0,0,0,0,0,0,0,0,0,0,0,"2021-08-14 01:38:09"
"20170714","18","11380520","1110059020202",0.0978,0.8745,15.2035,0.0008,0.4713,0,0,0,0,0,0,0,0,0,0,0,0,0,0,0,0,0,0.8472,0,0,0,0,0,0,0,0,0,"2021-08-14 01:38:09"
"20200313","03","11215740","1109064020705",15.4354,10.0684,0,2.891,0,0,0,0,0,0.2765,0,3.1992,0,0,0,0,0,0,0,0,0,0,0,0,0,0,0,0,0,0.1493,0,0,"2021-08-14 01:38:09"
"20210821","00","11260620","1121082010009",1.5345,2.5621,0.9772,1.0077,0,0,0,0,0,0.1471,0,1.0183,0,0,0,0,0,0,0,0.2604,0,0,0,0,0,0,0.0554,0,0,0,0,0.3362,"2021-08-14 01:38:09"
"20210508","21","11680565","1125071020026",6.711,2.1639,0.0104,0.182,0,0,0,0,0,0,0,0.8217,0,0,0,0,0,0,0,0,0,0,0,0,0,0,0,0,0,0,0,0,"2021-08-14 01:38:09"
"20200120","06","11350619","1121064020001",0.5122,1.0627,0,0.3362,0.4103,0,0,0,0,0,0,0,0,0,0.0394,0,0.7157,0,0,0,0,0,0,0,0.0008,0,0,0,0,0,0,0,"2021-08-14 01:38:09"
"20171110","00","11260620","1115072030031",3.5857,1.2666,0.3766,0.0625,0,0,0,0,0,0,0,0.3059,0.4333,0.16,0.0003,0,0,0,0,0,0,0,0,0,0,0,0,0,0,0,0,0.0002,"2021-08-14 01:38:09"
"20210925","08","11545630","1102073010202",18.2221,8.1604,0.7244,6.8345,0,0,0,0,0,0,0,0,0,0,0,0,0.4052,0,0,0,0,0,0,0,0.3945,0,0,0,0,1.2035,0,0,"2021-08-14 01:38:09"
"20170116","22","11710610","1123073010102",6.452,0,0.0002,0,0.6072,0,0,0,0,0.2256,0,0,0,0,0,0,0.2722,0,0,0,0,0,0,0,0,0,0,0,0,0,0,0,"2021-08-14 01:38:09"
"20190624","01","11530510","1117065020017",25.6171,0.0382,0,0,0,0,0,0,0,0,0,0.1077,0,0,0,0,0,0,0,0,0,0,0,0,0,0,0,0,0,0,0,0,"2021-08-14 01:38:09"
"20210605","10","11320522","1124062010502",2.9701,4.0692,1.505,0,0,0,0,0,0,0.0013,0,0,0,1.0568,0.458,0,0,0,0,0,0,0,0,0,0,0,1.1286,0,0,0,0,0.5388,"2021-08-14 01:38:09"
"20170209","12","11620725","1116067010202",2.047,0.5406,0,0,0,0,0,0.0718,0,0,0,0,0,0,0,5.0038,1.369,0,0,0,0,0,0,0,0,0,0,0,0,0,0,0.0312,"2021-08-14 01:38:09"
"20210629","12","11500535","1102058040002",0.3639,0.2823,1.0701,4.4771,1.1685,0.0248,0,0,0,0,0,0,0,0,0,0,0,0,0,0,0,0,0,0,1.379,0,0.1674,0,0,0,0,0.7498,"2021-08-14 01:38:09"
"20200908","06","11290810","1119063040101",92.2533,2.7291,0.8759,4.4337,0,0,0,0,0,0.0872,0,3.4921,0,0,0.0013,0,0,0,0.0052,0.3573,0,1.3715,0,0,3.9488,0,0,0,0,0,0,0.3505,"2021-08-14 01:38:09"
"20200404","14","11500590","1103071010011",0.4362,9.0922,0,3.1506,0,0,0,0,0,0,0,1.2232,0,0,0,0,0,0.0244,0,0,0,0,0,0,0,0,0,0,0,0,0,0,"2021-08-14 01:38:09"
"20190709","00","11650570","1125071020012",4.4249,52.5065,0.0001,0,1.4368,0,0,0,0,0,0,0.5411,0,0,0,0,0.407,0,0,0,0,0,0,0,0,0,0,0,0,0,0,0.0426,"2021-08-14 01:38:09"
"20210223","03","11170685","1120056010006",29.6179,1.2772,0.4763,0,0,0,0,0.9797,0,0,0,0,0,0,3.8911,0,0,0,0,0,0,0.4616,0,0,0,0,0,0,0,0,0,0,"2021-08-14 01:38:09"
"20170914","02","11290760","1107070010504",38.5902,50.9495,0,0.582,0,0,0,0,0,0,0,0,0,0,0,0,0,0,0,0,0,0,0,0,0,0,2.6476,0,0,0,0,0.0002,"2021-08-14 01:38:09"
"20181219","00","11530560","1112057010004",1.4589,103.4272,0.1651,3.5634,0,0,0,0,0,0,0,0.9842,0,0,0.5587,0,2.3862,0,0,0.0286,0,0,0,0,0,0,0,0,0,0,0,0.0001,"2021-08-14 01:38:09"
"20210523","03","11710620","1111056010004",3.3579,34.9936,0,1.4192,0,0,0,0,0.4011,0,0,0,0,0,0.6949,0,0,0,0,0,0,0,0,0,0,0,0,0,0,0,0,0,"2021-08-14 01:38:09"
"20180411","00","11740560","1110056020013",10.0543,2.564,0,0,0,0,0,0,0,0.1566,0,0,0,0,0.1337,2.5631,0.0764,0,0,0,0,0,0,0,0,0,0,0,0,0,0,4.9522,"2021-08-14 01:38:09"
"20190710","16","11500640","1121062020001",9.0989,6.279,0.0546,0.0071,0,0.5702,0,0,0,0,0,0,0.3002,0,0,0,1.3992,0,0,0,0,0.1083,0,0,0,0,3.4092,0,0,0,0,0,"2021-08-14 01:38:09"
"20170310","06","11260565","1112067020001",0.0488,185.556,0.1913,1.9858,0,0,0,0,0,0,0,1.0667,0,0,0,29.6278,0,0,0,0,0,0,0,0,0,0,0,0,0,0,0,0.0573,"2021-08-14 01:38:09"
"20181009","03","11215760","1125065010010",8.2636,20.6703,0,0.0026,0,0,0,0,0,0,0,7.6215,0,0,1.6653,0,3.0893,0,0,0,0,0,0,0,0,0,0,0,0,0,0,0,"2021-08-14 01:38:09"
"20180310","07","11260620","1116070050501",10.4968,0.4961,0.2355,0,0,1.1755,0,2.6946,0,0,0,0,0,0.136,0,0.5421,0,0,0,0,0,0,0,0,0,0,0,0,0,0,0,0.3169,"2021-08-14 01:38:09"
"20180126","07","11470670","1109069030009",168.7665,11.5783,0,0,0,0.1609,0.6833,0,0,0,0,1.0192,0,0,0.2681,0,0,0,0,0,0,0,0,0,0,0,0,0,0,0,0,1.7069,"2021-08-14 01:38:09"
"20180730","19","11560720","1120056020004",3.7864,0,0.0559,1.1472,0,0,0,0,0,0,0,0,0.1153,0,0.4165,0,0,0,0,0,0,0,0,0,0,0,0,0,0,0,0,0,"2021-08-14 01:38:09"
"20190427","23","11215750","1107069040009",1.5524,0.1218,0,0,0.0025,0,0,0,0,0,0,0,0,0,0,0,0.4587,0,0,0,0,0,0.0276,0,1.5369,0,0,0,0,0,0,0.3882,"2021-08-14 01:38:09"
"20180518","21","11305575","1125072020017",3.149,0,1.3613,0,0,0,0,0,0,0,0,0,0,0,0,0,0,0,0,0,0,0,0,0,0,0,0,0,0,0,0,0,"2021-08-14 01:38:09"
"20190101","18","11215760","1124052030204",8.4588,0.1289,0.3935,0,0,0.0753,0,0,0,0.5085,0,0.0412,0,0,0,0,0,0,0,0,0,0.0173,0,0,0,0,0,0,0,0,0,0.0217,"2021-08-14 01:38:09"
"20190721","00","11230660","1116058010509",0.3493,50.7653,0,0,0,0,0,0,0,0,0,0.1422,0,0,0,0,0,0,0,0,0,0.3941,0,0,0,0,0.2943,0,0,0,0,0,"2021-08-14 01:38:09"
"20210707","03","11590630","1121072020002",22.2081,1.4295,0,0.4051,0,0,0,0,0,0,0,0,2.5873,0.0104,1.532,0,0,0,0,0,0,0,0,0,0,0,0,0,0,0,0,0.0004,"2021-08-14 01:38:09"
"20181005","01","11170690","1113076030003",6.7978,17.2367,0,0,0,0,0,0,0,0,0,0,0,0,0.6222,0,0,0,0,0,0,0,0,0,0.0761,0,0,0,0,0,0,0,"2021-08-14 01:38:09"
"20210316","21","11710570","1125065010003",5.3985,1.83,0,1.5867,0,0,0,0,0,0,0,0,0,0,0,0,0,0,0,0,0,0,0,0,0,0,0,0,0,0,0,0.8657,"2021-08-14 01:38:09"
"20200212","04","11350700","1102069030006",1387.7661,8.4764,0,0,0.1554,0,0.3627,0,0,2.5801,0,0,0,0,0,12.4658,0.3015,0.8219,0,0,0,0,0,0,0,0,0,0,0,1.8002,0,0,"2021-08-14 01:38:09"
"20210830","17","11305660","1104071040006",2.6685,716.1575,0,0.0009,0,0,0,0,0.706,0,0,0,0,0,0,0,0,0.171,0,0,0,0,0.0488,0,0,0,0,0,0,0,0,0,"2021-08-14 01:38:09"
"20210910","14","11620615","1123064040008",38.7,0.4871,0,0.7074,0,0,0.7821,0,0,0,0,0,0,0,30.2741,0,0,0,0,0,0.0022,0,0,0,0,0,0,0,0,0.5822,0,0,"2021-08-14 01:38:09"
"20190630","18","11305620","1110062020112",0.1378,0.0047,0,5.7331,0,1.2771,0,0,0,0,0,0,0,0,0,0,0.0012,0,0,0.9477,0,0,0,0,0,0,0,0,0,0,0,0,"2021-08-14 01:38:09"
"20181028","08","11260565","1107052010008",10.8055,1.8756,0.0356,0,0,0.2365,0,0,0,0,0,0,0.7732,0,0,0.0031,0,0,0,0,0,0,0,0,0,1.8172,0.1639,0,0,0,0,0.0881,"2021-08-14 01:38:09"
"20200628","18","11500603","1113066020501",3.74,30.1639,0,0.6098,0,0,0,0,0,0,0,0.2356,0,0,0,0,0,0.0058,0,0.3843,0,0,0,0,0,0.2379,0,0,0,0,0,0.0001,"2021-08-14 01:38:09"
"20210205","01","11710650","1125070040105",14.1335,0,0.0178,0,0,0,0,0,0,0,0,0,0,0,0.3403,0,0,0,0,0,0,0,0,0,0,0,0,0,0,0,0.2555,0,"2021-08-14 01:38:09"
"20180927","03","11215850","1111074020202",2.429,0.5956,2.9768,7.001,0,0,0,0,0,0,0,0,0,0,0,1.893,0,0,0,0,0,0,0,0,0,0,0,0,0,0,0,0.0036,"2021-08-14 01:38:09"
"20200918","05","11200645","1107054010204",1.6842,0,0.4977,1.5151,0,0,0,0,0,0,0,0.7712,0,0,1.3364,1.7486,0,0,0,0,0,0,0,0,0,0,0,0,0,0,0,1.5208,"2021-08-14 01:38:09"
"20200828","21","11500630","1121062010003",4.68,28.5966,0.557,1.4722,0.024,0,0,0,0,0,0,1.8447,0,0,0,0,0,0,0,0,0.0207,0,0,0,0,0.0129,0,0,0,0,0,0.0006,"2021-08-14 01:38:09"
"20190724","06","11590660","1117052020102",1.4214,1.2805,1.2418,0,0,0,0,0,0,0,0,0.0175,0.026,0,5.7463,0,0,0,0,0,0,0,0,0,0,0,0,0,0,0,0,0.7675,"2021-08-14 01:38:09"
"20180113","22","11650651","1123078051702",18.6433,7.6332,1.0527,0.59,0,0,0,0,0,0,0,0,0,0,0,0,0,0,0,0,0,0,0,0,0,0,0,0,0,0,0,0.203,"2021-08-14 01:38:09"
"20210511","19","11350595","1103069010107",18.0432,1.8086,0.5519,0.4423,0,10.9962,0,0,0,0.0106,0,0,0,0,0,0,5.3926,0,0.0575,0,0.8586,0,0,0,0,0,0,0,0,0,0,1.9912,"2021-08-14 01:38:09"
"20200325","21","11650620","1105057010001",3.694,0.6195,0.4938,1.502,0,0,0,0,3.2336,5.5012,0,0,0.0434,0.0002,0,0.7278,0,0,0,0,0,0,0,0,0,0,0,0,0,0,0,0.0003,"2021-08-14 01:38:09"
"20181004","03","11530510","1114059020501",10.9095,8.162,1.5743,1.0999,0,0.0894,0,0,0,0,0,0,0,0.6551,0,0,0,0,0,0,0,0,0.1738,0,0,0,3.5428,0,0,0,0,0,"2021-08-14 01:38:09"
"20181217","12","11620605","1113052020201",30.923,4.0469,0.0636,0.7876,0,0.6452,0,0,0,1.8076,0,0,0,0,0,0,0,0,0,0.8623,0,0,0,0,0,0,0,0,0,0,0,0.075,"2021-08-14 01:38:09"
"20190929","13","11380530","1118054020301",6.4344,0.024,0,0,0.1085,0,0,0,0,0,0,1.729,0,0,1.6857,0,0,0,0,0,0,0,0,0,0,0,0,0,0,0,0,0.0012,"2021-08-14 01:38:09"
"20171230","17","11650531","1123064070005",5.4473,0.7884,0,0,0.4476,0,0,0,0,0,0,0.2626,0,0,0,0,0,0,0,0,0.0264,0,0.1246,0,0,2.0779,0,0,0,0,0,0,"2021-08-14 01:38:09"
"20190305","13","11650600","1109074010011",0.7654,3.319,0,0.8251,0,0,0,0,0,0,0,0,0,0,0,0,0,0,0,0,0,0,0,0,0,0.0143,0,0,0,0,0,0.8561,"2021-08-14 01:38:09"
"20181223","09","11680650","1119073060101",12.3942,16.7525,6.881,0,0,0,0,0,0,0.4511,0,0,0,0,1.1475,0,0,0,0,0.0916,0,0,0,0,0,0,0,0,0,0,0,0.2054,"2021-08-14 01:38:09"
"20181104","16","11440660","1124062010501",2.0652,1.5587,0,0,0,0,0.0204,0,0,0.3785,0,0,0.0476,0,0,0,0,0,0,0,0.5129,0,0,0,0,0,0,0,0,0,0,0.0002,"2021-08-14 01:38:09"
"20210606","21","11530780","1123060010906",7.4872,0.5729,0.781,0,0,0,0,1.2186,0,0,0,1.2722,0,0,0,0,0,0,0.5528,0,0,0,0,0,0,1.3694,0,0,0,0,0,0.0965,"2021-08-14 01:38:09"
"20190113","09","11215847","1121079030006",1.8147,0,0,0,0,0,0,0,0,0,0,0,0,0,0,0,0.5529,0,0,0,0,0,0.1308,0,0,0,0,0,0,0,0,0,"2021-08-14 01:38:09"
"20210207","04","11590620","1117071020004",1.9646,3.6278,0.0004,1.8413,0,0,0,0,0,0,0,0,0,0,0.3943,0,0,0,0,0,0,0.2997,0.0411,0,0,0,0,0,0,0,0,0.0006,"2021-08-14 01:38:09"
"20200305","03","11350570","1110051030002",13.2396,12.0749,0,0,0,0,0,0,0,0,0,0,0,0,0,0,0,0,0,0,0,0,0,0,0,4.6676,0,0,0,0,0,0,"2021-08-14 01:38:09"
"20180627","18","11440630","1106090010209",6.1172,4.901,0,0.9734,0,0,0,0,0,0,0,0,0,0,0.039,0,0,0,0,0,0,0,0,0,0,0,0,0.2306,0,0,0,3.2355,"2021-08-14 01:38:09"
"20180121","18","11560690","1116054040305",0.0112,11.2787,0.7113,19.9002,0,0,0,0,0,0,0,0,0,0,2.1832,0,0,0,0,0,0,0.2594,0,0,0,0,0,0,0,0,0,0.0057,"2021-08-14 01:38:09"
"20190825","15","11530560","1125051020115",16.3388,0.7599,0,1.066,0,0,0,0,0.2149,0,0,0,0,0,0,0,0,0,0,0,0,0.2539,0,0,0,0,0,0,0,0,0,0,"2021-08-14 01:38:09"
"20190125","09","11215810","1106072040010",8.6831,4.2534,0.9075,0,0,0,0,0,0,0,0,0,0,0,0,0,0,0,0,3.2145,0,0.1693,0,0,0,0,0,0,0,0,0,0,"2021-08-14 01:38:09"
"20191115","18","11110515","1124081020006",14.0049,0,0,1.9863,0,0,0,0,0,0,0,0,0,0,0,0,0,0,0,0,0,0,0,0,0,0,0,0,0,0,0,0,"2021-08-14 01:38:09"
"20190705","06","11680545","1123078030201",3.8096,8.1985,10.7666,0.1078,0,1.6085,0,0,0,0,0,0.2306,0,0,0,0,0.4268,0,0,0,0,0,0,0,1.4095,0,0,0,0,0,0,0,"2021-08-14 01:38:09"
"20211008","11","11620625","1120066010017",147.1068,0,0.0619,0.9153,0,0.3789,0,0,0,0,0,0.3057,0,0,0,0,0,0,0,0,0,0,0,0,0,0,0,0,0,0,0,0,"2021-08-14 01:38:09"
"20190809","03","11680600","1124063010007",7.2054,0.6253,0,0,0,0,0,0,0,0,0,4.5896,0,0,0.9985,0,0,0,0,0,0,0,0,0,0,0,0,0,0,0,0,0.55,"2021-08-14 01:38:09"
"20170103","19","11260520","1120071050401",4.1472,4.2997,0,3.1506,0.0027,0,0,0,0,0,0,3.205,0,0,0,0,0,0,0,0,0,0,0,0,0,0,0,0,0,0,0,0.2936,"2021-08-14 01:38:09"
"20170928","15","11440690","1103073010202",135.7558,1.4246,0.0155,0.409,0,0,0,0,0,0.0373,0,0,0,0,0,1.7854,0,0,0,0,0,0.7045,0,0,0,0,0,0,0,0,0,0,"2021-08-14 01:38:09"
"20170626","02","11380690","1112067040101",1.0722,3.3651,0,1.1476,0,0,0,0,0,0,0,0,0,0,0,0,0,0,0,0,0,0,0,0,0,0,0,0,0,0,0,0,"2021-08-14 01:38:09"
"20170304","02","11380625","1121081020038",29.7551,14.7573,0,1.2118,0,0,0,0,0,0,0,0,0,0,0.7581,3.4925,0.6281,0,0,0.5408,0,0.55,0,0,0,0.1059,0,0,0,0,0,0,"2021-08-14 01:38:09"
"20180405","22","11740620","1115061020007",9.0224,1.4944,0,1.5063,0,0,0,0,0,0,0,0,0,0,0,0,0.1408,0,0,0,0,0,0,0,0,0,0,0,0,0,0,0,"2021-08-14 01:38:09"
"20170905","05","11440720","1110060010015",3.7464,81.492,0,1.6784,0,0,0,0,0.2433,0.3241,0,0,0,0,0,9.1334,0,0,0,0,0,0,0,0,0,0,0,0.3035,0,0,0,0.0006,"2021-08-14 01:38:09"
"20180826","08","11215750","1116058010002",40.1984,11.4079,0.3492,4.9973,1.3468,0.0565,0,0,0,0,0,0,0,0.3204,0,0,0,0,0,0,0,0,0,0,0,0,0,1.2422,0,0,0,0.1286,"2021-08-14 01:38:09"
"20200622","19","11305534","1113066020501",1.6135,1.0498,0,3.8396,0.6186,0,0,0,0,0,0,0,0,0,0.1814,0,0,0,0,0,0,0,0,0,0,0,0,0,0,1.1852,0,0,"2021-08-14 01:38:09"
"20210323","09","11620630","1119071020006",8.5619,107.0555,0,1.9541,0,0,0,0,1.0875,0,0,0,0,0.0284,0,0,0,0,0,0.3863,0,0,0,0,0,0,0,0,0,0,0,0,"2021-08-14 01:38:09"
"20170130","12","11590550","1124052040001",8.4701,0.5192,0,0,0,0,0,0,0,0.1568,0,0,0,0,0.0497,0,0.0035,0,0,0,0,0,0,0,0,0,0,0,0,0,0,0.0002,"2021-08-14 01:38:09"
"20190420","21","11470530","1110062040204",0.664,0.7128,1.086,5.8377,0,0,0,0,0,0,0,0,0,0,11.9499,0,0,0,0,0,0,0,0,0,0,0,0,0,0,0,0,0.0006,"2021-08-14 01:38:09"
"20190926","02","11620595","1121069020008",10.3566,13.2645,0,0,0,0,0,0.0794,0,0,0,0.325,0,0,0,0,0.8585,0,0,0,0,0,0,0,0,0,0,0,0,0,0,0,"2021-08-14 01:38:09"
"20170329","17","11590620","1123065040006",2.7543,1.5841,0,2.4002,0.1573,0,0,0,0,0,0,0,0,0.1564,0,0,0,0,0,0,0,0,0,0,0,0,0,0,0,0,0,0.1925,"2021-08-14 01:38:09"
"20191015","14","11440740","1115052020034",45.6226,11.6124,0.8997,0,0,0,0,0,0,0.2872,0,2.4969,1.571,0,0.5425,0,0,0,0,0,0,0,0,0,0,0,0,0,0,0,0,0,"2021-08-14 01:38:09"
"20180228","19","11710550","1108061020001",0.7103,16.1654,0.6371,6.6643,0,0,0.3559,0,0,0,0,0,0,0,0.3387,0,0.3923,0,0,0,0,0,0,0,0,0,0,0,0.0117,0,0,0,"2021-08-14 01:38:09"
"20190303","23","11680610","1112058010032",1.8873,4.4014,0,0.0643,3.4451,0,0,0,0.8522,0.9259,0,0.6635,0,0,0,0,0.2922,0,0,0,0,0,0,0,0,0.021,0,0,0,0,0,0,"2021-08-14 01:38:09"
"20210518","20","11650531","1118060010016",6.1193,3.1935,0.0872,5.9793,0,0,0,0,0.0041,0.0971,0,0,0,0,0,0,0,0,0,0.375,0,0,0,0,0,0,0,0,0.1054,0,0,0,"2021-08-14 01:38:09"
"20181216","11","11290555","1114070020201",0.8493,0.5929,0,1.9298,0,0.1047,0.3074,0,0,0,0,11.6114,0,0,0,0,0,0,0,0,0,0,0,0,0,0,0,0,0,0,0,0,"2021-08-14 01:38:09"
"20170501","22","11470530","1120053010022",3.044,208.0976,2.71,0.5483,0.2261,0,0,0,0,0,0,0,0,0,0,0,7.8889,0,0,0.4965,0,0,0,0,0,0,0,0,0,0,0,0,"2021-08-14 01:38:09"
"20190214","02","11200535","1117069010009",6.6736,0.0001,0.3159,0,1.1564,0,0,0,0,0,0,0,0,0.015,0,0,0,0,0,0,0,0,0.4956,0,0,0,0,0,0,0,0,0.0004,"2021-08-14 01:38:09"
"20170314","09","11740650","1108072030403",16.994,3.5348,0.9451,0.7973,0,0,0,0,0,0,0,0,0,0,0,0,0,0,0,0,0,0.1396,0,0,0,0,1.3075,0,0,0,0,0.002,"2021-08-14 01:38:09"
"20201001","00","11140670","1117054020104",0.8376,5.0524,0.8561,0,0,0,0,0,0.2542,0,0,0,0,0,0,0,0,0,0,0,0,1.0858,0,0,0,0,0,0,0,0,0,0,"2021-08-14 01:38:09"
"20210411","19","11620735","1122067040013",341.1359,0.8469,10.9071,0.006,0,0,0,0,0,0,0,0.468,0,0,1.8672,0,0,0,0.8355,0,0,0,0,0,0,0,0,0,0,0,0,0.0013,"2021-08-14 01:38:09"
"20200402","14","11305590","1122066050104",10.7224,2.2509,0,0.3548,0,0.0074,0,0.0164,0,0,0,0,0.2084,0,0,0,0,0,0,0,0,0,0.5468,0,0,0,0,0,0,0.5227,0,0.4472,"2021-08-14 01:38:09"
"20200329","09","11740550","1115051020001",50.4123,2.6003,0.126,1.9536,0,0,0,0,0,0,0,0,0,0.3803,0,0,1.7626,0,0.315,0,0,1.0375,0,0,1.3327,0,0,0,0,0,0,0.0001,"2021-08-14 01:38:09"
"20190628","10","11260600","1104073020203",4.1938,3.7748,1.6395,1.1091,0.009,0,0,0,0,0.206,0,0,0,0,1.0589,0,0,0,0,0,0,0,0,0,0,0.4078,0,0,0,0,0,0.0006,"2021-08-14 01:38:09"
"20211024","11","11320690","1116051021002",22.2613,23.8289,0,3.8966,0,0,0,0,0,0,0,1.0168,0,0,0,0,0,0,0,0,0,0,0,0,0,0.9425,0,0,0.0043,0,0,0,"2021-08-14 01:38:09"
"20201029","09","11560700","1125072020025",83.0384,32.2533,0,0.0156,0,0,0,0,0,0,0,0,0,0,0,0,0,0,0,0,0,0,0,0,0,0,0,0,0,0,0,0.4168,"2021-08-14 01:38:09"
"20190823","11","11260630","1123059010806",2.6495,7.3604,0,1.6647,0,0,0,0,0,0,0,0,0,0,0,0,0.2268,0,0,0,0,0,0,0,0.9365,0,0,0,0,0,0,0.7046,"2021-08-14 01:38:09"
"20210201","16","11320511","1117056020704",2.7793,0.2759,0.4027,0,0,0,0,0.2746,0,0,0,0,0,0,0,13.8716,0,0,0,0,0,0,0.757,0,0.002,0,0,0,0,0,0,0.1543,"2021-08-14 01:38:09"
"20171102","12","11500615","1121081010004",32.4703,6.9016,0.3586,0.0006,0,0,0,0,0,0,0,0,0,0,0,0,0.7603,0,0,0,0,0,0,0,0,0,0,0,0,0,0,0,"2021-08-14 01:38:09"
"20201125","21","11680590","1124060030010",31.5724,7.871,0,0,0,0,0,0,0,0,0,0,0,0,0,0,0,0,0,0,0,0,0,2.2879,0,0,0,0,0,0,0,0,"2021-08-14 01:38:09"
"20180128","20","11740700","1111056030201",200.4488,1.6371,3.3309,1.2219,0,0.0943,0,0,0,0,0,0.0191,0,0,0.3816,0,0,0,0,0,0,0,0,0,0,0,0,0,0,0,0,0,"2021-08-14 01:38:09"
"20210210","15","11170685","1107072040001",7.7562,0.29,3.0681,0,0,0,0,0,0,0,0,0,0,0.4198,0,0,0,0,0,0,0,0,0.2196,0,0.2005,0,0,0,0,0,0,0,"2021-08-14 01:38:09"
"20170509","23","11260660","1108082030003",7.053,0,0,0,0,0,0,0,0,0,0,0.1073,0,1.2739,0,0,0,0,0,0,0,0,0,0,0,0,0,0,0,0,0,0,"2021-08-14 01:38:09"
"20210614","10","11740550","1113076010007",0.0509,3.5493,0.7542,6.1079,0,0,0,0,0,1.2954,0,0,0,0,0,0,0.2785,0,0,0,0,0,0,0,0.0156,0,0,0,0,0,0,0,"2021-08-14 01:38:09"
"20200321","09","11710520","1105064020002",2.6103,1.3231,0.9386,3.7263,0,0,0,0,0,0,0,0,0,0,0,0,0,0,0,0,0.1315,0,0,0,0.2648,0.6128,0,0,0,0,0,0.9836,"2021-08-14 01:38:09"
"20190708","08","11680610","1124080030115",2.3559,108.3817,0,0,0.032,0,0.033,0,0,0.0143,0,0,0,0,0,0,0,0,0,0,0,0,0,0,0,0,0,0,0,0,0,0,"2021-08-14 01:38:09"
"20190109","03","11320515","1121082010005",3.6934,2.0367,1.6799,28.239,0,3.6376,0,5.3709,0,0,0,0,0,0.6258,0,0,0,0,0,0,0,0,0,0,0,0,0,0,0,0,0,0.7216,"2021-08-14 01:38:09"
"20180902","15","11215840","1111066040007",0.1006,5.8077,0,2.0713,0,0,0,0,0,0,0,0,0,0,0,0,0,0,0,0.2714,0,0,0,0,0,0,0,0,0,0,0,0,"2021-08-14 01:38:09"
"20180403","19","11545680","1120054020103",9.0778,1.6935,0,3.0175,0,0,0,0,0,0,0,0,0,0,0,0,0,0,0,1.5247,0,0,0,0,0,0,0,0,0,0,0,0,"2021-08-14 01:38:09"
"20171203","23","11200790","1103071020009",0.817,0.0137,0,0.2234,0,0,0,0,0,0,0,0,0,0,0,0.7087,0,0,0,0,0.2576,0,0.4338,0,1.746,0,0,0,0,0,0,2.4252,"2021-08-14 01:38:09"
"20170926","16","11650580","1106089020010",54.3716,1.5305,0,0.0513,0,0,0,0,0,0,0,0,0,0,0,0,0,0,0,0,0,0,0,0,2.5503,0,0,0,0,0,0,0.1955,"2021-08-14 01:38:09"
"20190713","04","11560700","1103071010013",1.1293,3.2601,0,0,0,0,0,0,0,0,0,1.0029,0,0,0,0,0,0,0,0,0,0,0,0,0,0.7582,0,0,0,0,0,0,"2021-08-14 01:38:09"
"20170310","01","11200615","1109065010009",3.0455,1.8316,0,0,0.0632,0,0,0,0,0,0,0,0,1.1035,0,0,0.9524,0,0,0,2.2005,0,0,0.1434,0,0,0,0,0,0,0,0.0001,"2021-08-14 01:38:09"
"20171017","12","11620630","1120073020002",7.6698,1.0666,0,6.4125,0.0023,0,0,0,0,0,0,3.2962,0,0,0,0,0,0,0,0,0.2671,0.5211,0,0,0,0,0,0,1.18,0,0,0,"2021-08-14 01:38:09"
"20210706","01","11440700","1105060020013",10.0743,4.3384,2.2463,0,0,0,0,0,0,0,0,0.2528,0,0,1.8433,0,0.3352,0,0,0,0,1.42,0,0,0,0,0,0,0,0,0,0,"2021-08-14 01:38:09"
"20210724","23","11440680","1118053010003",134.7873,2.3038,1.7242,0.1417,0,0,0,0,0,0,0,0,0,0,0.9014,0,0,1.5224,0,0,0,0,0,0,0,0,0,0,0,0,0,0,"2021-08-14 01:38:09"
"20190616","09","11350640","1119071020009",19.0777,9.0404,0.5731,0,0,0,0,0,0,0,0,0,0,0.7704,0,0,0,0,0,0,0,1.5691,0,0,0,0.0003,0,0,0,0,0,0,"2021-08-14 01:38:09"
"20181026","14","11710550","1112057010010",20.573,21.4685,0,0,0,0,0,0,0,0.2062,0,0,0,0,0.5871,0,0,0,0,0,0,0,0,0,0,0,0,0,0,0,0,0,"2021-08-14 01:38:09"
"20200510","06","11530560","1111076060501",21.435,9.9584,0.0013,0,0,0,0,0,0,0,0,0,0,0,0,0,0,0,0,0,0.0017,0,0,0,0,0,0,0,0,0,0,0,"2021-08-14 01:38:09"
"20200502","19","11740580","1112071050201",26.9399,6.2321,0.7349,0.0004,0,0,0,0,0,0,0,0.0173,0,0,0.7053,0,0,0,0,0,0,0,0,0,0,0,0,0,0,0,0,0.3768,"2021-08-14 01:38:09"
"20200126","16","11710646","1122064011201",1.5157,7.4902,0.3211,0.6664,0,0,0,0,0,0,0,0,0,0,1.0775,0,0,0,0,0,0,0,0,0,0,0,0,0,0,0,0,0.0028,"2021-08-14 01:38:09"
"20201019","09","11350625","1104056030001",149.1661,0,0.3083,0.9491,0,0,0,1.5921,0,0,0,0,0,0,0,0,0,0,0,0.6338,0,0,0,0,0,0,0,0,0,0,0,4.3458,"2021-08-14 01:38:09"
"20170917","09","11170630","1123053020001",117.3045,7.2918,0,0.7832,0,0,0,0,0,0,0,0,0,0,0,4.6136,0.2982,0.5556,0,0,0,0,0.5966,0,0,0,0,0,0,0,0,0,"2021-08-14 01:38:09"
"20190216","02","11350570","1105063010002",2.8887,0.3511,0,0,0,0,0,0,0,0,0,1.1823,0,0,0,7.3905,0,0,0,0,0,0,0,0,1.8041,0,0,0,0,0,0,0.6052,"2021-08-14 01:38:09"
"20191023","16","11650621","1119074070003",7.5056,4.2867,1.5423,0,0,0,0,0,0,0.0574,1.8163,0,0.0816,0,5.819,0,3.4676,0,0,0,0,0.0391,0,0,0,0,3.2164,0,0,0,0,0,"2021-08-14 01:38:09"
"20200510","00","11590510","1121052020201",60.428,14.8212,0.0003,0.376,0,0,0,0.7617,0,0,0,0.1666,0,0,0,0,0,0,0,1.797,0,0,0,0,0,0,0,0,0,0,0,0,"2021-08-14 01:38:09"
"20201118","03","11560700","1107070010303",1.2449,0.5149,0.0641,0.5482,0.276,0,1.1567,0,0,0,0,0,0,0,0.0217,0,0,0,0,0.4465,0,0.6933,0,0,0,0,0,0,0,0,0,0.0003,"2021-08-14 01:38:09"
"20201114","06","11680656","1106089010008",15.6036,4.3857,0,0.3543,0,0,0,0,0,0,0,0,0,0,0,0,0,0,0,0,0,0,0,0,1.0578,0,0,0,0,0,0,0.0099,"2021-08-14 01:38:09"
"20190621","23","11380570","1111072030114",2.6921,7.2658,2.1161,3.2775,0,0.0002,0,0,0,0,0,0,0,0,1.227,0,0,0,0,0,0,0,0,0,0,0,0,0,0,0,0,0.0001,"2021-08-14 01:38:09"
"20201211","15","11500540","1114074010402",15.9603,4.2238,0,0,0,0,0,0,0,0,0,0.1229,0,0,0,0,0,0,0,0,0,0,0,0,0,0,0,0,0,0,0,4.2102,"2021-08-14 01:38:09"
"20180724","12","11680531","1110055030102",4.0952,8.5368,0.8409,1.135,0,0,0,0,0,0,0,0.3656,0,1.3602,1.8839,0,1.4501,0,0,0,0,0,0,0,0,0,0,0,0,0,0,0,"2021-08-14 01:38:09"
"20180911","04","11710632","1113073010024",4.0357,19.0554,0.3704,0.3491,0.3712,0,0,0,0,0,0,0,0,0,0,0,0,0,0,0,0,0,0,0,0,0,0,0,0,0,0,0,"2021-08-14 01:38:09"
"20210329","22","11305630","1107065010003",0.8472,0.2621,0.59,9.6277,0.1816,0,0,0,0,0,0,2.7247,0,0,0.0338,0,0,0,0.4361,0,0,0,0,0,0,1.3182,0,0,0,0,0,0,"2021-08-14 01:38:09"
"20190809","04","11710570","1123059010701",10.2771,21.2823,0.0432,0.6364,0,0,0,0,0,0,0,0,0,0,0.5714,1.4242,0,0,0,0,0,0,0,0,0,0,0,1.4142,0,0,0,4.9297,"2021-08-14 01:38:09"
"20180620","21","11530770","1114076050803",26.7429,25.9338,0,6.7115,0.0223,0,0,0,0,0,0,0,0,0,0,6.2801,0,0,0,1.082,0,0,0,0,0,0.2158,0,0,0,0,0,0,"2021-08-14 01:38:09"
"20190905","11","11230560","1119061020006",12.8541,0.4744,0.3386,0.1088,0,0,0,0,0,0,0,0.312,0,0,0,0,0.3903,0,0,6.7444,0,0,0.4675,0,0,0,0,0,0,0,0,0.0056,"2021-08-14 01:38:09"
"20190304","20","11290640","1116051022301",1.2359,0.0224,0,0.2673,0,0,0,0,0,0,0,25.8435,0,0,0.1319,0,0,0,0,0.1324,0,0,0,0,0,0,0,0,0,0,0,1.5448,"2021-08-14 01:38:09"
"20180507","22","11440555","1106084020103",8.4991,5.0713,0,0,0,0,0,0.0001,0.0034,0.2103,0,0.0083,0,0.9494,1.7997,0,0,0,0,0,0,0,0,0,0,0,0,0,0,0,0,0.0281,"2021-08-14 01:38:09"
"20190308","18","11620765","1114078010201",13.7276,0.9569,0.2847,0,0,1.862,0,0,0,0,0,0,0,0,0.7617,0,0,0,0,0,0,0,0,0,0,0,0,0,0,0,0,0,"2021-08-14 01:38:09"
"20190129","14","11500630","1112071050101",14.9777,1.8027,2.6811,0,0,0,0,0,0,0,0,0,0,0,0,0,0,0,0,0.0506,0,0.9264,0,0,2.5669,1.3731,0,0,0,0,0,1.0711,"2021-08-14 01:38:09"
"20181202","00","11740650","1117056010801",0.9251,0,0,0,0,0,0,0,0,0,0,0.7421,0,0,0,0,0,0,0,0.6707,0,0,0.1858,0,0,0,0,0,0,0,0,0,"2021-08-14 01:38:09"
"20190824","18","11650652","1123074020301",5.2074,69.5758,6.4583,0,0,0.1575,0,0,0,0,0,0.4638,0,0,0,0,0.0506,0,0,0,0,0,0,0,0.7106,0,0,0,0,0,0,0.0011,"2021-08-14 01:38:09"
"20170222","07","11350560","1114075020101",5.0045,0,0.2891,4.1014,0,0,0,0,0,0,0,0,0,0,0,0,35.1841,0,0,0,0,0,0,0,0,0,0,0,0,0,0,0.0109,"2021-08-14 01:38:09"
"20171010","14","11650651","1107071020011",51.0405,2.9666,3.1513,0.2002,0,0,0,0,0,0,0,0.0026,0.6847,0,0,0,0,0,0,0,0,0,2.7713,0,0,0,0,0,0,0,0,0,"2021-08-14 01:38:09"
"20191106","02","11440660","1117072050012",70.9613,0,0,1.1249,0.3799,1.937,0,0,0,0.8045,0,0,0,0,0,0,0,0,0,0,0,0,0,0,0,0,0,0,0,0,0,0,"2021-08-14 01:38:09"
"20170806","01","11440630","1110061020012",1.3624,11.1293,0.8053,0,0,1.9088,0,0,0,0,0,0,0,0,0,0,0,0,0,0,0,0,0,0,0,0,0,0,0,0,0,3.0426,"2021-08-14 01:38:09"
"20210706","22","11560680","1115054030301",43.8333,2.2527,0.0312,0,0,0,0,0,0,0,0,0,0,0,0,36.3621,0,0,0,0,0,0,0,0,0,0,0,0,0,0,0,0,"2021-08-14 01:38:09"
"20190606","13","11650580","1116074030406",3.834,4.6098,0.0369,6.5422,0,0,0,0,0,0,0,0,0,0,0,0,0,0,0.4309,0,0,0,0,0,0,0,0,0,0,0,0,0,"2021-08-14 01:38:09"
"20170519","21","11620665","1124057010014",35.8667,0.783,0.3508,0.6822,0,0,0,0.0338,0,0,0,0.7333,0,0,0,0,0,0,0,0,0,0,0,0,0,0,0,0,0,0,0,0,"2021-08-14 01:38:09"
"20180719","16","11470570","1119063030007",7.3194,0.3385,0,0,0,0,0,0.2944,0,0,0,0,0,0.092,0.4246,0,0,0,0,0.0935,0,0,0,0,0,0,0,3.6575,0,0,0,0.0003,"2021-08-14 01:38:09"
"20181221","05","11305630","1121068020018",81.0789,3.7391,0,1.7424,0,0,0,0,0,0,0,0,0,0,0.0542,0,0,0,0,0,0,0,0,0,0,0,0,0,0,0,0,0.0188,"2021-08-14 01:38:09"
"20210829","20","11350595","1123066022302",0.1171,10.5949,0,0,0,0,0,0,0,0,0,0,0,0,0,0,0,0,0,0,0,0,0,0,0,0,0,0,0,0,0,2.6161,"2021-08-14 01:38:09"
"20181001","20","11350570","1107055040009",3.3815,10.0001,0.4506,0.0212,0,0,0,0,0,0,0,1.4921,0,0,0,0,1.4111,0,0,0,0,0,0,0,0,0,0.0121,0,0,0,0,0.0501,"2021-08-14 01:38:09"
"20180312","08","11710670","1105065040009",10.9081,4.5463,0,0,0,0,0,0,0,0.4264,0,0,0,0,0,0,0,0,0,0,0,0.5711,0,0,0,0,0,0,0,0,0,0,"2021-08-14 01:38:09"
"20210124","13","11710690","1104073030001",0.0345,10.0663,0,0.4454,1.1954,0,0,0,0,0,0,0,0,0.4729,0,0,0,0,0,0.0108,0,0,0,0,0,0,0,0,0,0,0,0,"2021-08-14 01:38:09"
"20210923","21","11305534","1108063010024",3.5872,47.2565,1.5313,0,0,0,0,0,0,0,0,0,0,0,0,0,0,0,0,0,0,0,0,0,0,0,0.9394,0,0,0,0,0,"2021-08-14 01:38:09"
"20211011","12","11260565","1111053020102",11.9032,93.2231,0.6705,0,1.1398,0,0,0,0,0,0,0,0,1.9277,0,0,0,0,0,0,5.3383,0.602,0,0,0.9847,0,0,0,0,0,0,4.0866,"2021-08-14 01:38:09"
"20171104","14","11590605","1119076020302",39.6255,2.1777,0.7414,0.4932,0.7138,0.1578,0,0,0,0,0,0,0,0,0,0,0,0,0,0,0,0,0.0744,0,0.097,0,0,0,0,0,0,2.0295,"2021-08-14 01:38:09"
"20180609","07","11680650","1122060040006",171.5235,1.7681,0,8.2966,0,0,0,0,0.0295,0.0009,0,0,0.0948,0,4.8524,0,0,0,0,0,0,0,0.0847,0,0,0,0,0,0,0,0,0,"2021-08-14 01:38:09"
"20191127","10","11410690","1115051010403",1.3159,3.035,0,0,0,0,0,1.828,0,0,0,0,0,0,0,0,0,0,0,0,0,0,0,0,0,0,0,0,0,0,0,0,"2021-08-14 01:38:09"
"20180327","11","11140665","1121066030001",6.2221,12.0801,3.4662,0,1.5229,0,0,0,0,0,0,0,0,0.5658,0,0,0.0532,0,0.4907,0,0,0,0.3522,0,0,0,0,0,0,0,0,0,"2021-08-14 01:38:09"
"20190725","13","11290580","1119075010004",11.0556,0.8958,0,0,0.4083,1.4403,0,0,0,0,0,5.636,0,0,0,0,0,0,0,0,0,0,5.5732,0,0,0,0,0,0,0,0,0.6434,"2021-08-14 01:38:09"
